network,replication,base_seed,network_index,origin,xi,origin_demand,reference_instance
ND,1,20260925,0,1,1.0599556636126508,9729.094186703942,research/runs/core_v1/core_ND_balanced_base_r1/instance.json
ND,1,20260925,0,4,0.9591124878556203,12576.396286220095,research/runs/core_v1/core_ND_balanced_base_r1/instance.json
ND,1,20260925,0,9,0.8086526551733343,4241.394571809546,research/runs/core_v1/core_ND_balanced_base_r1/instance.json
ND,1,20260925,0,12,0.9779836735308146,7053.114955266416,research/runs/core_v1/core_ND_balanced_base_r1/instance.json
ND,2,20260925,0,1,1.1007923493742668,8709.048488490485,research/runs/core_v1/core_ND_balanced_base_r2/instance.json
ND,2,20260925,0,4,1.1787602776613628,13322.715639842574,research/runs/core_v1/core_ND_balanced_base_r2/instance.json
ND,2,20260925,0,9,0.9656650047948686,4365.698609306283,research/runs/core_v1/core_ND_balanced_base_r2/instance.json
ND,2,20260925,0,12,1.158658783547701,7202.537262360655,research/runs/core_v1/core_ND_balanced_base_r2/instance.json
ND,3,20260925,0,1,0.9180377743201097,8362.85325000583,research/runs/core_v1/core_ND_balanced_base_r3/instance.json
ND,3,20260925,0,4,0.9982262738917795,12990.470501903666,research/runs/core_v1/core_ND_balanced_base_r3/instance.json
ND,3,20260925,0,9,0.962241488935675,5008.872238552963,research/runs/core_v1/core_ND_balanced_base_r3/instance.json
ND,3,20260925,0,12,1.0112260405237925,7237.804009537543,research/runs/core_v1/core_ND_balanced_base_r3/instance.json
SF,1,20260925,1,10,0.8613617732616663,46362.55065522221,research/runs/core_v1/core_SF_balanced_base_r1/instance.json
SF,1,20260925,1,16,1.072030382853844,33318.91827905836,research/runs/core_v1/core_SF_balanced_base_r1/instance.json
SF,1,20260925,1,22,1.056406639377639,30694.75987754857,research/runs/core_v1/core_SF_balanced_base_r1/instance.json
SF,1,20260925,1,17,1.1819514033722767,32935.083585150656,research/runs/core_v1/core_SF_balanced_base_r1/instance.json
SF,2,20260925,1,10,0.8190659081756171,45363.3252564854,research/runs/core_v1/core_SF_balanced_base_r2/instance.json
SF,2,20260925,1,16,1.0282296828262096,32883.51557000905,research/runs/core_v1/core_SF_balanced_base_r2/instance.json
SF,2,20260925,1,22,1.025588025820105,30662.697987182844,research/runs/core_v1/core_SF_balanced_base_r2/instance.json
SF,2,20260925,1,17,1.1998235399253085,34401.773583302514,research/runs/core_v1/core_SF_balanced_base_r2/instance.json
SF,3,20260925,1,10,0.9113390308229685,56036.81112854456,research/runs/core_v1/core_SF_balanced_base_r3/instance.json
SF,3,20260925,1,16,0.9565345284256545,33962.227473597086,research/runs/core_v1/core_SF_balanced_base_r3/instance.json
SF,3,20260925,1,22,0.8149507427814585,27050.555862279452,research/runs/core_v1/core_SF_balanced_base_r3/instance.json
SF,3,20260925,1,17,0.8249968064760054,26261.71793255871,research/runs/core_v1/core_SF_balanced_base_r3/instance.json
Anaheim,1,20260925,2,4,1.0527903216359389,31690.05068095928,research/runs/core_v1/core_Anaheim_balanced_base_r1/instance.json
Anaheim,1,20260925,2,2,0.8628648630402863,20615.182253037685,research/runs/core_v1/core_Anaheim_balanced_base_r1/instance.json
Anaheim,1,20260925,2,25,1.0307558118857834,21801.685959944243,research/runs/core_v1/core_Anaheim_balanced_base_r1/instance.json
Anaheim,1,20260925,2,3,0.8521680942595619,16159.164238194742,research/runs/core_v1/core_Anaheim_balanced_base_r1/instance.json
Anaheim,1,20260925,2,7,1.0276790098385387,18135.69299874716,research/runs/core_v1/core_Anaheim_balanced_base_r1/instance.json
Anaheim,1,20260925,2,1,0.9127595696080374,15967.30378439334,research/runs/core_v1/core_Anaheim_balanced_base_r1/instance.json
Anaheim,1,20260925,2,6,1.0692302578130217,17387.11616663284,research/runs/core_v1/core_Anaheim_balanced_base_r1/instance.json
Anaheim,1,20260925,2,34,0.9811513199408828,12911.6596763311,research/runs/core_v1/core_Anaheim_balanced_base_r1/instance.json
Anaheim,1,20260925,2,31,1.113186601083999,10015.693913005902,research/runs/core_v1/core_Anaheim_balanced_base_r1/instance.json
Anaheim,1,20260925,2,26,0.9946231678612307,7316.450328753641,research/runs/core_v1/core_Anaheim_balanced_base_r1/instance.json
Anaheim,2,20260925,2,4,0.8542646375723782,26424.134176298423,research/runs/core_v1/core_Anaheim_balanced_base_r2/instance.json
Anaheim,2,20260925,2,2,0.8635695739104491,21201.61840889428,research/runs/core_v1/core_Anaheim_balanced_base_r2/instance.json
Anaheim,2,20260925,2,25,0.9014028412076411,19592.0778110966,research/runs/core_v1/core_Anaheim_balanced_base_r2/instance.json
Anaheim,2,20260925,2,3,0.9935180152768166,19359.612425764208,research/runs/core_v1/core_Anaheim_balanced_base_r2/instance.json
Anaheim,2,20260925,2,7,0.8916935026230358,16170.355145047297,research/runs/core_v1/core_Anaheim_balanced_base_r2/instance.json
Anaheim,2,20260925,2,1,1.183118318726743,21268.196238273445,research/runs/core_v1/core_Anaheim_balanced_base_r2/instance.json
Anaheim,2,20260925,2,6,0.9604451016329214,16049.301968606598,research/runs/core_v1/core_Anaheim_balanced_base_r2/instance.json
Anaheim,2,20260925,2,34,0.8992174013281896,12160.12579216473,research/runs/core_v1/core_Anaheim_balanced_base_r2/instance.json
Anaheim,2,20260925,2,31,1.165167242195817,10772.80073203032,research/runs/core_v1/core_Anaheim_balanced_base_r2/instance.json
Anaheim,2,20260925,2,26,1.190855646331472,9001.777301824059,research/runs/core_v1/core_Anaheim_balanced_base_r2/instance.json
Anaheim,3,20260925,2,4,1.0617691967264438,32111.916798063627,research/runs/core_v1/core_Anaheim_balanced_base_r3/instance.json
Anaheim,3,20260925,2,2,1.0521407016273667,25256.506238419624,research/runs/core_v1/core_Anaheim_balanced_base_r3/instance.json
Anaheim,3,20260925,2,25,0.8835844184531381,18777.48372612906,research/runs/core_v1/core_Anaheim_balanced_base_r3/instance.json
Anaheim,3,20260925,2,3,1.0105186216761741,19252.760324087943,research/runs/core_v1/core_Anaheim_balanced_base_r3/instance.json
Anaheim,3,20260925,2,7,0.9411096252419046,16686.75703829037,research/runs/core_v1/core_Anaheim_balanced_base_r3/instance.json
Anaheim,3,20260925,2,1,1.0274590795817249,18059.04522543603,research/runs/core_v1/core_Anaheim_balanced_base_r3/instance.json
Anaheim,3,20260925,2,6,0.8266723815533754,13506.56155370898,research/runs/core_v1/core_Anaheim_balanced_base_r3/instance.json
Anaheim,3,20260925,2,34,0.9859540351756272,13036.403823137167,research/runs/core_v1/core_Anaheim_balanced_base_r3/instance.json
Anaheim,3,20260925,2,31,0.8214833694084618,7426.204548885193,research/runs/core_v1/core_Anaheim_balanced_base_r3/instance.json
Anaheim,3,20260925,2,26,1.067037597625813,7886.3607238419545,research/runs/core_v1/core_Anaheim_balanced_base_r3/instance.json
Winnipeg,1,20260925,3,92,0.9158498654527789,19709.111657022975,research/runs/core_v1/core_Winnipeg_balanced_base_r1/instance.json
Winnipeg,1,20260925,3,38,1.0005381257262302,18356.350947770523,research/runs/core_v1/core_Winnipeg_balanced_base_r1/instance.json
Winnipeg,1,20260925,3,18,0.9728968759562135,16131.90510878228,research/runs/core_v1/core_Winnipeg_balanced_base_r1/instance.json
Winnipeg,1,20260925,3,94,0.8656942495026566,14053.60285726226,research/runs/core_v1/core_Winnipeg_balanced_base_r1/instance.json
Winnipeg,1,20260925,3,3,0.8261452070541805,12930.643493586027,research/runs/core_v1/core_Winnipeg_balanced_base_r1/instance.json
Winnipeg,1,20260925,3,31,0.8414031057908659,12703.351227680863,research/runs/core_v1/core_Winnipeg_balanced_base_r1/instance.json
Winnipeg,1,20260925,3,62,1.1735425457039264,17255.150339535372,research/runs/core_v1/core_Winnipeg_balanced_base_r1/instance.json
Winnipeg,1,20260925,3,47,1.0502662608348368,13204.079847430125,research/runs/core_v1/core_Winnipeg_balanced_base_r1/instance.json
Winnipeg,1,20260925,3,17,0.8746313728810025,10092.64702881317,research/runs/core_v1/core_Winnipeg_balanced_base_r1/instance.json
Winnipeg,1,20260925,3,16,0.8389855301465939,9563.157492116416,research/runs/core_v1/core_Winnipeg_balanced_base_r1/instance.json
Winnipeg,2,20260925,3,92,0.9146412971465515,19724.075692142556,research/runs/core_v1/core_Winnipeg_balanced_base_r2/instance.json
Winnipeg,2,20260925,3,38,0.8513850715612271,15652.432191393147,research/runs/core_v1/core_Winnipeg_balanced_base_r2/instance.json
Winnipeg,2,20260925,3,18,0.8865083528720485,14730.068687784553,research/runs/core_v1/core_Winnipeg_balanced_base_r2/instance.json
Winnipeg,2,20260925,3,94,1.0831324113083183,17620.076343986664,research/runs/core_v1/core_Winnipeg_balanced_base_r2/instance.json
Winnipeg,2,20260925,3,3,0.830742444799188,13029.664729668704,research/runs/core_v1/core_Winnipeg_balanced_base_r2/instance.json
Winnipeg,2,20260925,3,31,0.9137440270529283,13824.25818810375,research/runs/core_v1/core_Winnipeg_balanced_base_r2/instance.json
Winnipeg,2,20260925,3,62,0.9678684068202384,14260.649712959974,research/runs/core_v1/core_Winnipeg_balanced_base_r2/instance.json
Winnipeg,2,20260925,3,47,0.8408864015972013,10593.736029166053,research/runs/core_v1/core_Winnipeg_balanced_base_r2/instance.json
Winnipeg,2,20260925,3,17,1.0647727467768808,12312.324422318079,research/runs/core_v1/core_Winnipeg_balanced_base_r2/instance.json
Winnipeg,2,20260925,3,16,1.0727100982344497,12252.71400247651,research/runs/core_v1/core_Winnipeg_balanced_base_r2/instance.json
Winnipeg,3,20260925,3,92,1.1039677994786699,22025.16110602659,research/runs/core_v1/core_Winnipeg_balanced_base_r3/instance.json
Winnipeg,3,20260925,3,38,0.8872733794930344,15091.419294716807,research/runs/core_v1/core_Winnipeg_balanced_base_r3/instance.json
Winnipeg,3,20260925,3,18,1.027835472212463,15800.19240138168,research/runs/core_v1/core_Winnipeg_balanced_base_r3/instance.json
Winnipeg,3,20260925,3,94,1.0943214855734,16469.787426082923,research/runs/core_v1/core_Winnipeg_balanced_base_r3/instance.json
Winnipeg,3,20260925,3,3,0.8826431460413158,12807.631611779552,research/runs/core_v1/core_Winnipeg_balanced_base_r3/instance.json
Winnipeg,3,20260925,3,31,1.1457156967473643,16036.551450883791,research/runs/core_v1/core_Winnipeg_balanced_base_r3/instance.json
Winnipeg,3,20260925,3,62,1.0335356695614928,14088.517695951155,research/runs/core_v1/core_Winnipeg_balanced_base_r3/instance.json
Winnipeg,3,20260925,3,47,0.9053897738424641,10552.715660505564,research/runs/core_v1/core_Winnipeg_balanced_base_r3/instance.json
Winnipeg,3,20260925,3,17,1.0681744566130988,11427.260971062555,research/runs/core_v1/core_Winnipeg_balanced_base_r3/instance.json
Winnipeg,3,20260925,3,16,0.9179924419957061,9700.762381609367,research/runs/core_v1/core_Winnipeg_balanced_base_r3/instance.json
