run_id,setting_network,algorithm,seconds,attained_z,maxmin_upper_bound,maxmin_relative_gap,secondary_relative_gap,nodes,integer_calls,fractional_calls,feasibility_cuts,optimality_cuts,lp_seconds,source_certified,validation_max,validation_passed,stages
ablation_ND_benders_basic,ND,benders_basic,3.19414129992947,0.13370941902161998,0.13370942902161997,7.478904678450143e-08,null,39,610,0,580,26,2.1282436987385154,False,2.000018206604892e-12,True,"[{""seconds"": 0.07300059997942299, ""limit_seconds"": 180, ""status"": ""integer optimal solution"", ""status_code"": 101, ""nodes"": 0, ""certified"": true, ""incumbent"": 0.13370942902162, ""bound"": 0.13370942902161997, ""absolute_gap"": 0.0, ""relative_gap"": 0.0, ""solver_relative_gap"": 0.0, ""callback_error"": null, ""name"": ""floor"", ""targets"": {}, ""cut_stats"": {""integer_calls"": 17, ""fractional_calls"": 0, ""feasibility_cuts"": 16, ""optimality_cuts"": 0, ""lp_seconds"": 0.027916000108234584, ""invalid_duals"": 0, ""max_dual_residual"": 2.5646151868841116e-14, ""max_primal_dual_error"": 0.0, ""max_cut_correction"": 1.105977798100316e-14}, ""validation_max"": 2.000018206604892e-12, ""policy_validation"": null, ""interval"": {""name"": ""floor"", ""sense"": ""max"", ""units"": ""service_ratio"", ""scope"": ""unrestricted_maxmin_within_declared_finite_model"", ""targets"": {}, ""achieved"": 0.13370942902162, ""reported_solver_bound"": 0.13370942902161997, ""lower_bound"": 0.13370942902162, ""upper_bound"": 0.13370942902162, ""absolute_gap"": 0.0, ""relative_gap"": 0.0, ""bound_inversion"": 2.7755575615628914e-17, ""bounds_widened_for_roundoff"": true, ""bound_usable"": true}}, {""seconds"": 3.121140699950047, ""limit_seconds"": 180, ""status"": ""aborted"", ""status_code"": 113, ""nodes"": 39, ""certified"": false, ""incumbent"": 0.06488299344004195, ""bound"": 0.0, ""absolute_gap"": 0.06488299344004195, ""relative_gap"": 1.0, ""solver_relative_gap"": 0.9999999984587642, ""callback_error"": ""RuntimeError('Invalid Farkas ray: residual=0.0, violation=7.488904236324645e-10')"", ""name"": ""travel"", ""targets"": {""floor"": 0.13370941902162}, ""cut_stats"": {""integer_calls"": 593, ""fractional_calls"": 0, ""feasibility_cuts"": 564, ""optimality_cuts"": 26, ""lp_seconds"": 2.100327698630281, ""invalid_duals"": 0, ""max_dual_residual"": 1.1102230246251565e-14, ""max_primal_dual_error"": 5.551115123125783e-17, ""max_cut_correction"": 3.2893441924449386e-15}, ""validation_max"": 2.0000130024344642e-12, ""policy_validation"": null, ""interval"": {""name"": ""travel"", ""sense"": ""min"", ""units"": ""normalised_person_hours"", ""scope"": ""conditional_on_preserved_targets"", ""targets"": {""floor"": 0.13370941902162}, ""achieved"": 0.06488299344004195, ""reported_solver_bound"": 0.0, ""lower_bound"": null, ""upper_bound"": null, ""absolute_gap"": null, ""relative_gap"": null, ""bound_inversion"": 0.0, ""bounds_widened_for_roundoff"": false, ""bound_usable"": false}}]"
ablation_ND_benders_bounds,ND,benders_bounds,0.5966228001052514,0.13370941901493452,0.13370942901493452,7.478904678824087e-08,1.6877164615306094e-11,44,191,0,112,63,0.2296281986637041,True,2.3334355281345864e-12,True,"[{""seconds"": 0.1433672000421211, ""limit_seconds"": 180, ""status"": ""integer optimal solution"", ""status_code"": 101, ""nodes"": 0, ""certified"": true, ""incumbent"": 0.13370942901493452, ""bound"": 0.13370942901493452, ""absolute_gap"": 0.0, ""relative_gap"": 0.0, ""solver_relative_gap"": 0.0, ""callback_error"": null, ""name"": ""floor"", ""targets"": {}, ""cut_stats"": {""integer_calls"": 39, ""fractional_calls"": 0, ""feasibility_cuts"": 35, ""optimality_cuts"": 0, ""lp_seconds"": 0.051031399867497385, ""invalid_duals"": 0, ""max_dual_residual"": 2.220446049250313e-16, ""max_primal_dual_error"": 0.0, ""max_cut_correction"": 5.3792948931242716e-17}, ""validation_max"": 2.3334355281345864e-12, ""policy_validation"": null, ""interval"": {""name"": ""floor"", ""sense"": ""max"", ""units"": ""service_ratio"", ""scope"": ""unrestricted_maxmin_within_declared_finite_model"", ""targets"": {}, ""achieved"": 0.13370942901493452, ""reported_solver_bound"": 0.13370942901493452, ""lower_bound"": 0.13370942901493452, ""upper_bound"": 0.13370942901493452, ""absolute_gap"": 0.0, ""relative_gap"": 0.0, ""bound_inversion"": 0.0, ""bounds_widened_for_roundoff"": false, ""bound_usable"": true}}, {""seconds"": 0.45325560006313026, ""limit_seconds"": 180, ""status"": ""integer optimal solution"", ""status_code"": 101, ""nodes"": 44, ""certified"": true, ""incumbent"": 0.05925199265690503, ""bound"": 0.05925199265590502, ""absolute_gap"": 1.0000056338554941e-12, ""relative_gap"": 1.6877164615306094e-11, ""solver_relative_gap"": 0.0, ""callback_error"": null, ""name"": ""travel"", ""targets"": {""floor"": 0.13370941901493452}, ""cut_stats"": {""integer_calls"": 152, ""fractional_calls"": 0, ""feasibility_cuts"": 77, ""optimality_cuts"": 63, ""lp_seconds"": 0.1785967987962067, ""invalid_duals"": 0, ""max_dual_residual"": 3.3306690738754696e-16, ""max_primal_dual_error"": 4.163336342344337e-17, ""max_cut_correction"": 6.87551763110657e-17}, ""validation_max"": 1.0000299199841578e-12, ""policy_validation"": null, ""interval"": {""name"": ""travel"", ""sense"": ""min"", ""units"": ""normalised_person_hours"", ""scope"": ""conditional_on_preserved_targets"", ""targets"": {""floor"": 0.13370941901493452}, ""achieved"": 0.05925199265690503, ""reported_solver_bound"": 0.05925199265590502, ""lower_bound"": 0.05925199265590502, ""upper_bound"": 0.05925199265690503, ""absolute_gap"": 1.0000056338554941e-12, ""relative_gap"": 1.6877164615306094e-11, ""bound_inversion"": 0.0, ""bounds_widened_for_roundoff"": false, ""bound_usable"": true}}]"
ablation_ND_benders_fractional,ND,benders_fractional,0.2557421000674367,0.13370941901493452,0.13370942901493452,7.478904678824087e-08,1.6877164615306094e-11,7,74,10,46,27,0.07278510020114481,True,7.000310053850711e-12,True,"[{""seconds"": 0.09585749998223037, ""limit_seconds"": 180, ""status"": ""integer optimal solution"", ""status_code"": 101, ""nodes"": 0, ""certified"": true, ""incumbent"": 0.13370942901493452, ""bound"": 0.13370942901493452, ""absolute_gap"": 0.0, ""relative_gap"": 0.0, ""solver_relative_gap"": 0.0, ""callback_error"": null, ""name"": ""floor"", ""targets"": {}, ""cut_stats"": {""integer_calls"": 33, ""fractional_calls"": 3, ""feasibility_cuts"": 31, ""optimality_cuts"": 0, ""lp_seconds"": 0.03226189978886396, ""invalid_duals"": 0, ""max_dual_residual"": 2.220446049250313e-16, ""max_primal_dual_error"": 0.0, ""max_cut_correction"": 5.3792948931242716e-17}, ""validation_max"": 7.000310053850711e-12, ""policy_validation"": null, ""interval"": {""name"": ""floor"", ""sense"": ""max"", ""units"": ""service_ratio"", ""scope"": ""unrestricted_maxmin_within_declared_finite_model"", ""targets"": {}, ""achieved"": 0.13370942901493452, ""reported_solver_bound"": 0.13370942901493452, ""lower_bound"": 0.13370942901493452, ""upper_bound"": 0.13370942901493452, ""absolute_gap"": 0.0, ""relative_gap"": 0.0, ""bound_inversion"": 0.0, ""bounds_widened_for_roundoff"": false, ""bound_usable"": true}}, {""seconds"": 0.15988460008520633, ""limit_seconds"": 180, ""status"": ""integer optimal solution"", ""status_code"": 101, ""nodes"": 7, ""certified"": true, ""incumbent"": 0.05925199265690503, ""bound"": 0.05925199265590502, ""absolute_gap"": 1.0000056338554941e-12, ""relative_gap"": 1.6877164615306094e-11, ""solver_relative_gap"": 0.0, ""callback_error"": null, ""name"": ""travel"", ""targets"": {""floor"": 0.13370941901493452}, ""cut_stats"": {""integer_calls"": 41, ""fractional_calls"": 7, ""feasibility_cuts"": 15, ""optimality_cuts"": 27, ""lp_seconds"": 0.04052320041228086, ""invalid_duals"": 0, ""max_dual_residual"": 2.220446049250313e-16, ""max_primal_dual_error"": 2.0816681711721685e-17, ""max_cut_correction"": 1.3216940769347104e-17}, ""validation_max"": 1.0000299199841578e-12, ""policy_validation"": null, ""interval"": {""name"": ""travel"", ""sense"": ""min"", ""units"": ""normalised_person_hours"", ""scope"": ""conditional_on_preserved_targets"", ""targets"": {""floor"": 0.13370941901493452}, ""achieved"": 0.05925199265690503, ""reported_solver_bound"": 0.05925199265590502, ""lower_bound"": 0.05925199265590502, ""upper_bound"": 0.05925199265690503, ""absolute_gap"": 1.0000056338554941e-12, ""relative_gap"": 1.6877164615306094e-11, ""bound_inversion"": 0.0, ""bounds_widened_for_roundoff"": false, ""bound_usable"": true}}]"
ablation_ND_benders_warm,ND,benders_warm,0.16336540004704148,0.13370942901493452,0.13370942901493452,0.0,null,0,24,0,22,0,0.04444580047857016,False,5.000234601371112e-12,True,"[{""seconds"": 0.06207660003565252, ""limit_seconds"": 180, ""status"": ""integer optimal solution"", ""status_code"": 101, ""nodes"": 0, ""certified"": true, ""incumbent"": 0.13370942901493452, ""bound"": 0.13370942901493452, ""absolute_gap"": 0.0, ""relative_gap"": 0.0, ""solver_relative_gap"": 0.0, ""callback_error"": null, ""name"": ""floor"", ""targets"": {}, ""cut_stats"": {""integer_calls"": 11, ""fractional_calls"": 0, ""feasibility_cuts"": 10, ""optimality_cuts"": 0, ""lp_seconds"": 0.031081199878826737, ""invalid_duals"": 0, ""max_dual_residual"": 3.3306690738754696e-16, ""max_primal_dual_error"": 0.0, ""max_cut_correction"": 5.366077952354924e-17}, ""validation_max"": 5.000234601371112e-12, ""policy_validation"": null, ""interval"": {""name"": ""floor"", ""sense"": ""max"", ""units"": ""service_ratio"", ""scope"": ""unrestricted_maxmin_within_declared_finite_model"", ""targets"": {}, ""achieved"": 0.13370942901493452, ""reported_solver_bound"": 0.13370942901493452, ""lower_bound"": 0.13370942901493452, ""upper_bound"": 0.13370942901493452, ""absolute_gap"": 0.0, ""relative_gap"": 0.0, ""bound_inversion"": 0.0, ""bounds_widened_for_roundoff"": false, ""bound_usable"": true}}, {""seconds"": 0.040762900025583804, ""limit_seconds"": 180, ""status"": ""aborted, no integer solution"", ""status_code"": 114, ""nodes"": 0, ""certified"": false, ""incumbent"": null, ""bound"": 0.0, ""absolute_gap"": null, ""relative_gap"": null, ""solver_relative_gap"": null, ""callback_error"": ""RuntimeError('Invalid Farkas ray: residual=1.1102230246251565e-16, violation=3.0015617769052483e-10')"", ""name"": ""travel"", ""targets"": {""floor"": 0.13370941901493452}, ""cut_stats"": {""integer_calls"": 13, ""fractional_calls"": 0, ""feasibility_cuts"": 12, ""optimality_cuts"": 0, ""lp_seconds"": 0.013364600599743426, ""invalid_duals"": 0, ""max_dual_residual"": 7.771561172376096e-16, ""max_primal_dual_error"": 0.0, ""max_cut_correction"": 9.873054754702284e-17}, ""validation_max"": null, ""policy_validation"": null, ""interval"": {""name"": ""travel"", ""sense"": ""min"", ""units"": ""normalised_person_hours"", ""scope"": ""conditional_on_preserved_targets"", ""targets"": {""floor"": 0.13370941901493452}, ""achieved"": null, ""reported_solver_bound"": 0.0, ""lower_bound"": null, ""upper_bound"": null, ""absolute_gap"": null, ""relative_gap"": null, ""bound_inversion"": null, ""bounds_widened_for_roundoff"": false, ""bound_usable"": false}}]"
ablation_ND_benders_flow,ND,benders_flow,0.1398724998580292,0.13370942901493452,0.13370942901493452,0.0,null,0,15,0,13,0,0.018479100428521633,False,3.0000169015664824e-12,True,"[{""seconds"": 0.034147099941037595, ""limit_seconds"": 180, ""status"": ""integer optimal solution"", ""status_code"": 101, ""nodes"": 0, ""certified"": true, ""incumbent"": 0.13370942901493452, ""bound"": 0.13370942901493452, ""absolute_gap"": 0.0, ""relative_gap"": 0.0, ""solver_relative_gap"": 0.0, ""callback_error"": null, ""name"": ""floor"", ""targets"": {}, ""cut_stats"": {""integer_calls"": 6, ""fractional_calls"": 0, ""feasibility_cuts"": 5, ""optimality_cuts"": 0, ""lp_seconds"": 0.01059090020135045, ""invalid_duals"": 0, ""max_dual_residual"": 0.0, ""max_primal_dual_error"": 0.0, ""max_cut_correction"": 5e-324}, ""validation_max"": 3.0000169015664824e-12, ""policy_validation"": null, ""interval"": {""name"": ""floor"", ""sense"": ""max"", ""units"": ""service_ratio"", ""scope"": ""unrestricted_maxmin_within_declared_finite_model"", ""targets"": {}, ""achieved"": 0.13370942901493452, ""reported_solver_bound"": 0.13370942901493452, ""lower_bound"": 0.13370942901493452, ""upper_bound"": 0.13370942901493452, ""absolute_gap"": 0.0, ""relative_gap"": 0.0, ""bound_inversion"": 0.0, ""bounds_widened_for_roundoff"": false, ""bound_usable"": true}}, {""seconds"": 0.04525079997256398, ""limit_seconds"": 180, ""status"": ""aborted, no integer solution"", ""status_code"": 114, ""nodes"": 0, ""certified"": false, ""incumbent"": null, ""bound"": 0.0, ""absolute_gap"": null, ""relative_gap"": null, ""solver_relative_gap"": null, ""callback_error"": ""RuntimeError('Invalid Farkas ray: residual=5.551115123125783e-17, violation=5.997123492251788e-10')"", ""name"": ""travel"", ""targets"": {""floor"": 0.13370941901493452}, ""cut_stats"": {""integer_calls"": 9, ""fractional_calls"": 0, ""feasibility_cuts"": 8, ""optimality_cuts"": 0, ""lp_seconds"": 0.007888200227171183, ""invalid_duals"": 0, ""max_dual_residual"": 8.881784197001252e-16, ""max_primal_dual_error"": 0.0, ""max_cut_correction"": 3.4654818697228106e-16}, ""validation_max"": null, ""policy_validation"": null, ""interval"": {""name"": ""travel"", ""sense"": ""min"", ""units"": ""normalised_person_hours"", ""scope"": ""conditional_on_preserved_targets"", ""targets"": {""floor"": 0.13370941901493452}, ""achieved"": null, ""reported_solver_bound"": 0.0, ""lower_bound"": null, ""upper_bound"": null, ""absolute_gap"": null, ""relative_gap"": null, ""bound_inversion"": null, ""bounds_widened_for_roundoff"": false, ""bound_usable"": false}}]"
ablation_SF_benders_basic,SF,benders_basic,53.028292699949816,0.14992458137691098,0.149924591376911,6.670020306644699e-08,null,17252,9607,0,9370,223,20.172171101672575,False,2.000108412225643e-12,True,"[{""seconds"": 0.18839669995941222, ""limit_seconds"": 180, ""status"": ""integer optimal solution"", ""status_code"": 101, ""nodes"": 0, ""certified"": true, ""incumbent"": 0.14992459137691097, ""bound"": 0.149924591376911, ""absolute_gap"": 2.7755575615628914e-17, ""relative_gap"": 1.851302402142374e-16, ""solver_relative_gap"": 0.0, ""callback_error"": null, ""name"": ""floor"", ""targets"": {}, ""cut_stats"": {""integer_calls"": 106, ""fractional_calls"": 0, ""feasibility_cuts"": 101, ""optimality_cuts"": 0, ""lp_seconds"": 0.059290800243616104, ""invalid_duals"": 0, ""max_dual_residual"": 3.3306690738754696e-16, ""max_primal_dual_error"": 0.0, ""max_cut_correction"": 5.000507960205558e-17}, ""validation_max"": 2.000108412225643e-12, ""policy_validation"": null, ""interval"": {""name"": ""floor"", ""sense"": ""max"", ""units"": ""service_ratio"", ""scope"": ""unrestricted_maxmin_within_declared_finite_model"", ""targets"": {}, ""achieved"": 0.14992459137691097, ""reported_solver_bound"": 0.149924591376911, ""lower_bound"": 0.14992459137691097, ""upper_bound"": 0.149924591376911, ""absolute_gap"": 2.7755575615628914e-17, ""relative_gap"": 1.851302402142374e-16, ""bound_inversion"": 0.0, ""bounds_widened_for_roundoff"": false, ""bound_usable"": true}}, {""seconds"": 52.839895999990404, ""limit_seconds"": 180, ""status"": ""aborted"", ""status_code"": 113, ""nodes"": 17252, ""certified"": false, ""incumbent"": 0.011181728422724602, ""bound"": 0.0, ""absolute_gap"": 0.011181728422724602, ""relative_gap"": 1.0, ""solver_relative_gap"": 0.9999999910568389, ""callback_error"": ""RuntimeError('Invalid Farkas ray: residual=0.0, violation=6.682520231615641e-10')"", ""name"": ""travel"", ""targets"": {""floor"": 0.14992458137691098}, ""cut_stats"": {""integer_calls"": 9501, ""fractional_calls"": 0, ""feasibility_cuts"": 9269, ""optimality_cuts"": 223, ""lp_seconds"": 20.11288030142896, ""invalid_duals"": 0, ""max_dual_residual"": 8.881784197001252e-16, ""max_primal_dual_error"": 2.6020852139652106e-17, ""max_cut_correction"": 2.410717292823689e-16}, ""validation_max"": 2.000016471881416e-12, ""policy_validation"": null, ""interval"": {""name"": ""travel"", ""sense"": ""min"", ""units"": ""normalised_person_hours"", ""scope"": ""conditional_on_preserved_targets"", ""targets"": {""floor"": 0.14992458137691098}, ""achieved"": 0.011181728422724602, ""reported_solver_bound"": 0.0, ""lower_bound"": null, ""upper_bound"": null, ""absolute_gap"": null, ""relative_gap"": null, ""bound_inversion"": 0.0, ""bounds_widened_for_roundoff"": false, ""bound_usable"": false}}]"
ablation_SF_benders_bounds,SF,benders_bounds,27.256588999996893,0.14992458136941472,0.14992459136941474,6.6700203069782e-08,null,48586,5101,0,4382,711,5.705344001529738,False,2.0000112677109882e-12,True,"[{""seconds"": 0.012270299950614572, ""limit_seconds"": 180, ""status"": ""integer optimal solution"", ""status_code"": 101, ""nodes"": 0, ""certified"": true, ""incumbent"": 0.14992459136941474, ""bound"": 0.14992459136941474, ""absolute_gap"": 0.0, ""relative_gap"": 0.0, ""solver_relative_gap"": 0.0, ""callback_error"": null, ""name"": ""floor"", ""targets"": {}, ""cut_stats"": {""integer_calls"": 2, ""fractional_calls"": 0, ""feasibility_cuts"": 1, ""optimality_cuts"": 0, ""lp_seconds"": 0.001215500058606267, ""invalid_duals"": 0, ""max_dual_residual"": 0.0, ""max_primal_dual_error"": 0.0, ""max_cut_correction"": 5e-324}, ""validation_max"": 1.000019511643302e-12, ""policy_validation"": null, ""interval"": {""name"": ""floor"", ""sense"": ""max"", ""units"": ""service_ratio"", ""scope"": ""unrestricted_maxmin_within_declared_finite_model"", ""targets"": {}, ""achieved"": 0.14992459136941474, ""reported_solver_bound"": 0.14992459136941474, ""lower_bound"": 0.14992459136941474, ""upper_bound"": 0.14992459136941474, ""absolute_gap"": 0.0, ""relative_gap"": 0.0, ""bound_inversion"": 0.0, ""bounds_widened_for_roundoff"": false, ""bound_usable"": true}}, {""seconds"": 27.24431870004628, ""limit_seconds"": 180, ""status"": ""aborted"", ""status_code"": 113, ""nodes"": 48586, ""certified"": false, ""incumbent"": 0.011851854674427526, ""bound"": 0.008794326636501315, ""absolute_gap"": 0.003057528037926211, ""relative_gap"": 0.2579788667611128, ""solver_relative_gap"": 0.25797886452180874, ""callback_error"": ""RuntimeError('Invalid Farkas ray: residual=0.0, violation=6.68502017631134e-10')"", ""name"": ""travel"", ""targets"": {""floor"": 0.14992458136941475}, ""cut_stats"": {""integer_calls"": 5099, ""fractional_calls"": 0, ""feasibility_cuts"": 4381, ""optimality_cuts"": 711, ""lp_seconds"": 5.704128501471132, ""invalid_duals"": 0, ""max_dual_residual"": 5.551115123125783e-16, ""max_primal_dual_error"": 3.469446951953614e-17, ""max_cut_correction"": 1.3551843660252038e-16}, ""validation_max"": 2.0000112677109882e-12, ""policy_validation"": null, ""interval"": {""name"": ""travel"", ""sense"": ""min"", ""units"": ""normalised_person_hours"", ""scope"": ""conditional_on_preserved_targets"", ""targets"": {""floor"": 0.14992458136941475}, ""achieved"": 0.011851854674427526, ""reported_solver_bound"": 0.008794326636501315, ""lower_bound"": null, ""upper_bound"": null, ""absolute_gap"": null, ""relative_gap"": null, ""bound_inversion"": 0.0, ""bounds_widened_for_roundoff"": false, ""bound_usable"": false}}]"
ablation_SF_benders_fractional,SF,benders_fractional,180.02907480008435,0.14992458136941472,0.14992459136941474,6.6700203069782e-08,0.3673105587787206,0,45,125303,125309,37,30.5855502972845,False,1.000019511643302e-12,True,"[{""seconds"": 0.013583800056949258, ""limit_seconds"": 180, ""status"": ""integer optimal solution"", ""status_code"": 101, ""nodes"": 0, ""certified"": true, ""incumbent"": 0.14992459136941474, ""bound"": 0.14992459136941474, ""absolute_gap"": 0.0, ""relative_gap"": 0.0, ""solver_relative_gap"": 0.0, ""callback_error"": null, ""name"": ""floor"", ""targets"": {}, ""cut_stats"": {""integer_calls"": 2, ""fractional_calls"": 0, ""feasibility_cuts"": 1, ""optimality_cuts"": 0, ""lp_seconds"": 0.0012981999898329377, ""invalid_duals"": 0, ""max_dual_residual"": 0.0, ""max_primal_dual_error"": 0.0, ""max_cut_correction"": 5e-324}, ""validation_max"": 1.000019511643302e-12, ""policy_validation"": null, ""interval"": {""name"": ""floor"", ""sense"": ""max"", ""units"": ""service_ratio"", ""scope"": ""unrestricted_maxmin_within_declared_finite_model"", ""targets"": {}, ""achieved"": 0.14992459136941474, ""reported_solver_bound"": 0.14992459136941474, ""lower_bound"": 0.14992459136941474, ""upper_bound"": 0.14992459136941474, ""absolute_gap"": 0.0, ""relative_gap"": 0.0, ""bound_inversion"": 0.0, ""bounds_widened_for_roundoff"": false, ""bound_usable"": true}}, {""seconds"": 180.0154910000274, ""limit_seconds"": 180, ""status"": ""time limit exceeded"", ""status_code"": 107, ""nodes"": 0, ""certified"": false, ""incumbent"": 0.013899910546219803, ""bound"": 0.008794326636513576, ""absolute_gap"": 0.005105583909706227, ""relative_gap"": 0.3673105587787206, ""solver_relative_gap"": 0.3673105560906642, ""callback_error"": null, ""name"": ""travel"", ""targets"": {""floor"": 0.14992458136941475}, ""cut_stats"": {""integer_calls"": 43, ""fractional_calls"": 125303, ""feasibility_cuts"": 125308, ""optimality_cuts"": 37, ""lp_seconds"": 30.584252097294666, ""invalid_duals"": 0, ""max_dual_residual"": 1.1102230246251565e-15, ""max_primal_dual_error"": 2.0816681711721685e-17, ""max_cut_correction"": 1.6528894164079941e-16}, ""validation_max"": 2.7755575615628914e-17, ""policy_validation"": null, ""interval"": {""name"": ""travel"", ""sense"": ""min"", ""units"": ""normalised_person_hours"", ""scope"": ""conditional_on_preserved_targets"", ""targets"": {""floor"": 0.14992458136941475}, ""achieved"": 0.013899910546219803, ""reported_solver_bound"": 0.008794326636513576, ""lower_bound"": 0.008794326636513576, ""upper_bound"": 0.013899910546219803, ""absolute_gap"": 0.005105583909706227, ""relative_gap"": 0.3673105587787206, ""bound_inversion"": 0.0, ""bounds_widened_for_roundoff"": false, ""bound_usable"": true}}]"
ablation_SF_benders_warm,SF,benders_warm,2.9374346000840887,0.14992458136941472,0.14992459136941474,6.6700203069782e-08,null,0,37,1822,1832,23,0.508581503527239,False,1.00001604219635e-12,True,"[{""seconds"": 0.03534790000412613, ""limit_seconds"": 180, ""status"": ""integer optimal solution"", ""status_code"": 101, ""nodes"": 0, ""certified"": true, ""incumbent"": 0.14992459136941474, ""bound"": 0.14992459136941474, ""absolute_gap"": 0.0, ""relative_gap"": 0.0, ""solver_relative_gap"": 0.0, ""callback_error"": null, ""name"": ""floor"", ""targets"": {}, ""cut_stats"": {""integer_calls"": 9, ""fractional_calls"": 0, ""feasibility_cuts"": 7, ""optimality_cuts"": 0, ""lp_seconds"": 0.009576099924743176, ""invalid_duals"": 0, ""max_dual_residual"": 0.0, ""max_primal_dual_error"": 0.0, ""max_cut_correction"": 5e-324}, ""validation_max"": 1.00001604219635e-12, ""policy_validation"": null, ""interval"": {""name"": ""floor"", ""sense"": ""max"", ""units"": ""service_ratio"", ""scope"": ""unrestricted_maxmin_within_declared_finite_model"", ""targets"": {}, ""achieved"": 0.14992459136941474, ""reported_solver_bound"": 0.14992459136941474, ""lower_bound"": 0.14992459136941474, ""upper_bound"": 0.14992459136941474, ""absolute_gap"": 0.0, ""relative_gap"": 0.0, ""bound_inversion"": 0.0, ""bounds_widened_for_roundoff"": false, ""bound_usable"": true}}, {""seconds"": 2.883264400064945, ""limit_seconds"": 180, ""status"": ""aborted"", ""status_code"": 113, ""nodes"": 0, ""certified"": false, ""incumbent"": 0.013899910546219803, ""bound"": 0.008794326636513576, ""absolute_gap"": 0.005105583909706227, ""relative_gap"": 0.3673105587787206, ""solver_relative_gap"": 0.3673105560906642, ""callback_error"": ""RuntimeError('Invalid Farkas ray: residual=0.0, violation=6.685019968144523e-10')"", ""name"": ""travel"", ""targets"": {""floor"": 0.14992458136941475}, ""cut_stats"": {""integer_calls"": 28, ""fractional_calls"": 1822, ""feasibility_cuts"": 1825, ""optimality_cuts"": 23, ""lp_seconds"": 0.4990054036024958, ""invalid_duals"": 0, ""max_dual_residual"": 4.440892098500626e-16, ""max_primal_dual_error"": 2.42861286636753e-17, ""max_cut_correction"": 5.190907514173601e-17}, ""validation_max"": 2.7755575615628914e-17, ""policy_validation"": null, ""interval"": {""name"": ""travel"", ""sense"": ""min"", ""units"": ""normalised_person_hours"", ""scope"": ""conditional_on_preserved_targets"", ""targets"": {""floor"": 0.14992458136941475}, ""achieved"": 0.013899910546219803, ""reported_solver_bound"": 0.008794326636513576, ""lower_bound"": null, ""upper_bound"": null, ""absolute_gap"": null, ""relative_gap"": null, ""bound_inversion"": 0.0, ""bounds_widened_for_roundoff"": false, ""bound_usable"": false}}]"
ablation_SF_benders_flow,SF,benders_flow,0.045570999966003,0.14992458136941472,0.14992459136941474,6.6700203069782e-08,3.337225158653834e-16,0,5,0,1,0,0.004038500017486513,True,2.7755575615628914e-17,True,"[{""seconds"": 0.019118000054731965, ""limit_seconds"": 180, ""status"": ""integer optimal solution"", ""status_code"": 101, ""nodes"": 0, ""certified"": true, ""incumbent"": 0.14992459136941472, ""bound"": 0.14992459136941474, ""absolute_gap"": 2.7755575615628914e-17, ""relative_gap"": 1.8513024022349395e-16, ""solver_relative_gap"": 0.0, ""callback_error"": null, ""name"": ""floor"", ""targets"": {}, ""cut_stats"": {""integer_calls"": 3, ""fractional_calls"": 0, ""feasibility_cuts"": 1, ""optimality_cuts"": 0, ""lp_seconds"": 0.003216699929907918, ""invalid_duals"": 0, ""max_dual_residual"": 0.0, ""max_primal_dual_error"": 0.0, ""max_cut_correction"": 5e-324}, ""validation_max"": 2.7755575615628914e-17, ""policy_validation"": null, ""interval"": {""name"": ""floor"", ""sense"": ""max"", ""units"": ""service_ratio"", ""scope"": ""unrestricted_maxmin_within_declared_finite_model"", ""targets"": {}, ""achieved"": 0.14992459136941472, ""reported_solver_bound"": 0.14992459136941474, ""lower_bound"": 0.14992459136941472, ""upper_bound"": 0.14992459136941474, ""absolute_gap"": 2.7755575615628914e-17, ""relative_gap"": 1.8513024022349395e-16, ""bound_inversion"": 0.0, ""bounds_widened_for_roundoff"": false, ""bound_usable"": true}}, {""seconds"": 0.013086799997836351, ""limit_seconds"": 180, ""status"": ""integer optimal solution"", ""status_code"": 101, ""nodes"": 0, ""certified"": true, ""incumbent"": 0.010396202794279292, ""bound"": 0.010396202794279288, ""absolute_gap"": 3.469446951953614e-18, ""relative_gap"": 3.337225158653834e-16, ""solver_relative_gap"": 0.0, ""callback_error"": null, ""name"": ""travel"", ""targets"": {""floor"": 0.14992458136941472}, ""cut_stats"": {""integer_calls"": 2, ""fractional_calls"": 0, ""feasibility_cuts"": 0, ""optimality_cuts"": 0, ""lp_seconds"": 0.0008218000875785947, ""invalid_duals"": 0, ""max_dual_residual"": 0.0, ""max_primal_dual_error"": 3.469446951953614e-18, ""max_cut_correction"": 0.0}, ""validation_max"": 1.0408340855860843e-17, ""policy_validation"": null, ""interval"": {""name"": ""travel"", ""sense"": ""min"", ""units"": ""normalised_person_hours"", ""scope"": ""conditional_on_preserved_targets"", ""targets"": {""floor"": 0.14992458136941472}, ""achieved"": 0.010396202794279292, ""reported_solver_bound"": 0.010396202794279288, ""lower_bound"": 0.010396202794279288, ""upper_bound"": 0.010396202794279292, ""absolute_gap"": 3.469446951953614e-18, ""relative_gap"": 3.337225158653834e-16, ""bound_inversion"": 0.0, ""bounds_widened_for_roundoff"": false, ""bound_usable"": true}}]"
ablation_Anaheim_benders_basic,Anaheim,benders_basic,360.34148630010895,0.07131781945936438,0.174752825587008,1.4503388761988023,1.0,118,4320,0,3578,725,324.7237887014635,False,2.750026205020073e-11,True,"[{""seconds"": 180.1118756000651, ""limit_seconds"": 180, ""status"": ""time limit exceeded"", ""status_code"": 107, ""nodes"": 0, ""certified"": false, ""incumbent"": 0.07131782945936438, ""bound"": 0.174752825587008, ""absolute_gap"": 0.10343499612764362, ""relative_gap"": 1.4503385326186775, ""solver_relative_gap"": 1.4503385305850507, ""callback_error"": null, ""name"": ""floor"", ""targets"": {}, ""cut_stats"": {""integer_calls"": 1083, ""fractional_calls"": 0, ""feasibility_cuts"": 1081, ""optimality_cuts"": 0, ""lp_seconds"": 171.42174690193497, ""invalid_duals"": 0, ""max_dual_residual"": 1.021849271864994e-12, ""max_primal_dual_error"": 0.0, ""max_cut_correction"": 2.0604620507638964e-13}, ""validation_max"": 2.750026205020073e-11, ""policy_validation"": null, ""interval"": {""name"": ""floor"", ""sense"": ""max"", ""units"": ""service_ratio"", ""scope"": ""unrestricted_maxmin_within_declared_finite_model"", ""targets"": {}, ""achieved"": 0.07131782945936438, ""reported_solver_bound"": 0.174752825587008, ""lower_bound"": 0.07131782945936438, ""upper_bound"": 0.174752825587008, ""absolute_gap"": 0.10343499612764362, ""relative_gap"": 1.4503385326186775, ""bound_inversion"": 0.0, ""bounds_widened_for_roundoff"": false, ""bound_usable"": true}}, {""seconds"": 180.22961070004385, ""limit_seconds"": 180, ""status"": ""time limit exceeded"", ""status_code"": 107, ""nodes"": 118, ""certified"": false, ""incumbent"": 0.007566992588692644, ""bound"": 0.0, ""absolute_gap"": 0.007566992588692644, ""relative_gap"": 1.0, ""solver_relative_gap"": 0.9999999867847105, ""callback_error"": null, ""name"": ""travel"", ""targets"": {""floor"": 0.07131781945936438}, ""cut_stats"": {""integer_calls"": 3237, ""fractional_calls"": 0, ""feasibility_cuts"": 2497, ""optimality_cuts"": 725, ""lp_seconds"": 153.30204179952852, ""invalid_duals"": 0, ""max_dual_residual"": 4.690692279041286e-15, ""max_primal_dual_error"": 2.0816681711721685e-17, ""max_cut_correction"": 6.289542530202053e-16}, ""validation_max"": 1.0000038991320181e-12, ""policy_validation"": null, ""interval"": {""name"": ""travel"", ""sense"": ""min"", ""units"": ""normalised_person_hours"", ""scope"": ""conditional_on_preserved_targets"", ""targets"": {""floor"": 0.07131781945936438}, ""achieved"": 0.007566992588692644, ""reported_solver_bound"": 0.0, ""lower_bound"": 0.0, ""upper_bound"": 0.007566992588692644, ""absolute_gap"": 0.007566992588692644, ""relative_gap"": 1.0, ""bound_inversion"": 0.0, ""bounds_widened_for_roundoff"": false, ""bound_usable"": true}}]"
ablation_Anaheim_benders_bounds,Anaheim,benders_bounds,438.47590190009214,0.11627905976805325,0.16769639214635276,0.4421890964793131,0.35811869078968345,12258,5723,0,5349,357,388.9620047013741,False,1.249310984524632e-12,True,"[{""seconds"": 258.37405790004414, ""limit_seconds"": 180, ""status"": ""time limit exceeded"", ""status_code"": 107, ""nodes"": 15, ""certified"": false, ""incumbent"": 0.11627906976805326, ""bound"": 0.16769639214635276, ""absolute_gap"": 0.051417322378299504, ""relative_gap"": 0.4421889724510507, ""solver_relative_gap"": 0.4421889720659644, ""callback_error"": null, ""name"": ""floor"", ""targets"": {}, ""cut_stats"": {""integer_calls"": 640, ""fractional_calls"": 0, ""feasibility_cuts"": 634, ""optimality_cuts"": 0, ""lp_seconds"": 255.2004682001425, ""invalid_duals"": 0, ""max_dual_residual"": 3.019806626980426e-14, ""max_primal_dual_error"": 0.0, ""max_cut_correction"": 1.1993902414641057e-14}, ""validation_max"": 1.249310984524632e-12, ""policy_validation"": null, ""interval"": {""name"": ""floor"", ""sense"": ""max"", ""units"": ""service_ratio"", ""scope"": ""unrestricted_maxmin_within_declared_finite_model"", ""targets"": {}, ""achieved"": 0.11627906976805326, ""reported_solver_bound"": 0.16769639214635276, ""lower_bound"": 0.11627906976805326, ""upper_bound"": 0.16769639214635276, ""absolute_gap"": 0.051417322378299504, ""relative_gap"": 0.4421889724510507, ""bound_inversion"": 0.0, ""bounds_widened_for_roundoff"": false, ""bound_usable"": true}}, {""seconds"": 180.101844000048, ""limit_seconds"": 180, ""status"": ""time limit exceeded"", ""status_code"": 107, ""nodes"": 12243, ""certified"": false, ""incumbent"": 0.012235173680209504, ""bound"": 0.007853529300268483, ""absolute_gap"": 0.00438164437994102, ""relative_gap"": 0.35811869078968345, ""solver_relative_gap"": 0.3581186878102605, ""callback_error"": null, ""name"": ""travel"", ""targets"": {""floor"": 0.11627905976805326}, ""cut_stats"": {""integer_calls"": 5083, ""fractional_calls"": 0, ""feasibility_cuts"": 4715, ""optimality_cuts"": 357, ""lp_seconds"": 133.7615365012316, ""invalid_duals"": 0, ""max_dual_residual"": 8.659739592076221e-15, ""max_primal_dual_error"": 5.551115123125783e-17, ""max_cut_correction"": 1.6743067429746799e-15}, ""validation_max"": 1.8648277366750676e-17, ""policy_validation"": null, ""interval"": {""name"": ""travel"", ""sense"": ""min"", ""units"": ""normalised_person_hours"", ""scope"": ""conditional_on_preserved_targets"", ""targets"": {""floor"": 0.11627905976805326}, ""achieved"": 0.012235173680209504, ""reported_solver_bound"": 0.007853529300268483, ""lower_bound"": 0.007853529300268483, ""upper_bound"": 0.012235173680209504, ""absolute_gap"": 0.00438164437994102, ""relative_gap"": 0.35811869078968345, ""bound_inversion"": 0.0, ""bounds_widened_for_roundoff"": false, ""bound_usable"": true}}]"
ablation_Anaheim_benders_fractional,Anaheim,benders_fractional,362.2474692000542,0.11317828457450625,0.16769639214635276,0.48170113000746856,0.5671761989641705,52,684,10488,11166,3,201.59502960403915,False,8.773388265881366e-12,True,"[{""seconds"": 182.20740289997775, ""limit_seconds"": 180, ""status"": ""time limit exceeded"", ""status_code"": 107, ""nodes"": 52, ""certified"": false, ""incumbent"": 0.11317829457450626, ""bound"": 0.16769639214635276, ""absolute_gap"": 0.0545180975718465, ""relative_gap"": 0.4817009990900398, ""solver_relative_gap"": 0.48170099866262794, ""callback_error"": null, ""name"": ""floor"", ""targets"": {}, ""cut_stats"": {""integer_calls"": 533, ""fractional_calls"": 8, ""feasibility_cuts"": 539, ""optimality_cuts"": 0, ""lp_seconds"": 179.70408300112467, ""invalid_duals"": 0, ""max_dual_residual"": 9.381384558082573e-14, ""max_primal_dual_error"": 0.0, ""max_cut_correction"": 1.7864075015742455e-14}, ""validation_max"": 8.773388265881366e-12, ""policy_validation"": null, ""interval"": {""name"": ""floor"", ""sense"": ""max"", ""units"": ""service_ratio"", ""scope"": ""unrestricted_maxmin_within_declared_finite_model"", ""targets"": {}, ""achieved"": 0.11317829457450626, ""reported_solver_bound"": 0.16769639214635276, ""lower_bound"": 0.11317829457450626, ""upper_bound"": 0.16769639214635276, ""absolute_gap"": 0.0545180975718465, ""relative_gap"": 0.4817009990900398, ""bound_inversion"": 0.0, ""bounds_widened_for_roundoff"": false, ""bound_usable"": true}}, {""seconds"": 180.04006630007643, ""limit_seconds"": 180, ""status"": ""time limit exceeded"", ""status_code"": 107, ""nodes"": 0, ""certified"": false, ""incumbent"": 0.01753060516361946, ""bound"": 0.007587663161376116, ""absolute_gap"": 0.009942942002243344, ""relative_gap"": 0.5671761989641705, ""solver_relative_gap"": 0.56717607885793, ""callback_error"": null, ""name"": ""travel"", ""targets"": {""floor"": 0.11317828457450627}, ""cut_stats"": {""integer_calls"": 151, ""fractional_calls"": 10480, ""feasibility_cuts"": 10627, ""optimality_cuts"": 3, ""lp_seconds"": 21.890946602914482, ""invalid_duals"": 0, ""max_dual_residual"": 1.970645868709653e-15, ""max_primal_dual_error"": 2.0816681711721685e-17, ""max_cut_correction"": 1.3568745588504788e-16}, ""validation_max"": 3.0000706779942377e-12, ""policy_validation"": null, ""interval"": {""name"": ""travel"", ""sense"": ""min"", ""units"": ""normalised_person_hours"", ""scope"": ""conditional_on_preserved_targets"", ""targets"": {""floor"": 0.11317828457450627}, ""achieved"": 0.01753060516361946, ""reported_solver_bound"": 0.007587663161376116, ""lower_bound"": 0.007587663161376116, ""upper_bound"": 0.01753060516361946, ""absolute_gap"": 0.009942942002243344, ""relative_gap"": 0.5671761989641705, ""bound_inversion"": 0.0, ""bounds_widened_for_roundoff"": false, ""bound_usable"": true}}]"
ablation_Anaheim_benders_warm,Anaheim,benders_warm,183.0357494999189,0.11472868217154288,0.16769639214635276,0.46167801261425034,null,0,705,66,761,6,175.7026590993628,False,2.7497174459253926e-12,True,"[{""seconds"": 180.21179119998123, ""limit_seconds"": 180, ""status"": ""time limit exceeded"", ""status_code"": 107, ""nodes"": 0, ""certified"": false, ""incumbent"": 0.11472868217154288, ""bound"": 0.16769639214635276, ""absolute_gap"": 0.05296770997480989, ""relative_gap"": 0.46167801261425034, ""solver_relative_gap"": 0.4616780122118413, ""callback_error"": null, ""name"": ""floor"", ""targets"": {}, ""cut_stats"": {""integer_calls"": 661, ""fractional_calls"": 66, ""feasibility_cuts"": 724, ""optimality_cuts"": 0, ""lp_seconds"": 175.34891329926904, ""invalid_duals"": 0, ""max_dual_residual"": 1.0724754417879012e-13, ""max_primal_dual_error"": 0.0, ""max_cut_correction"": 2.391415582634298e-14}, ""validation_max"": 2.7497174459253926e-12, ""policy_validation"": null, ""interval"": {""name"": ""floor"", ""sense"": ""max"", ""units"": ""service_ratio"", ""scope"": ""unrestricted_maxmin_within_declared_finite_model"", ""targets"": {}, ""achieved"": 0.11472868217154288, ""reported_solver_bound"": 0.16769639214635276, ""lower_bound"": 0.11472868217154288, ""upper_bound"": 0.16769639214635276, ""absolute_gap"": 0.05296770997480989, ""relative_gap"": 0.46167801261425034, ""bound_inversion"": 0.0, ""bounds_widened_for_roundoff"": false, ""bound_usable"": true}}, {""seconds"": 0.8420793999684975, ""limit_seconds"": 180, ""status"": ""aborted, no integer solution"", ""status_code"": 114, ""nodes"": 0, ""certified"": false, ""incumbent"": null, ""bound"": 0.0, ""absolute_gap"": null, ""relative_gap"": null, ""solver_relative_gap"": null, ""callback_error"": ""RuntimeError('Invalid Farkas ray: residual=1.942890293094024e-16, violation=3.5817859789233353e-10')"", ""name"": ""travel"", ""targets"": {""floor"": 0.11472867217154288}, ""cut_stats"": {""integer_calls"": 44, ""fractional_calls"": 0, ""feasibility_cuts"": 37, ""optimality_cuts"": 6, ""lp_seconds"": 0.3537458000937477, ""invalid_duals"": 0, ""max_dual_residual"": 1.4432899320127035e-15, ""max_primal_dual_error"": 5.551115123125783e-17, ""max_cut_correction"": 1.5083295999139457e-16}, ""validation_max"": null, ""policy_validation"": null, ""interval"": {""name"": ""travel"", ""sense"": ""min"", ""units"": ""normalised_person_hours"", ""scope"": ""conditional_on_preserved_targets"", ""targets"": {""floor"": 0.11472867217154288}, ""achieved"": null, ""reported_solver_bound"": 0.0, ""lower_bound"": null, ""upper_bound"": null, ""absolute_gap"": null, ""relative_gap"": null, ""bound_inversion"": null, ""bounds_widened_for_roundoff"": false, ""bound_usable"": false}}]"
ablation_Anaheim_benders_flow,Anaheim,benders_flow,78.72712029982358,0.16769638214635274,0.16769639214635276,5.96315787764865e-08,9.969714302710117e-05,170287,24,4514,0,0,12.189455399755388,True,2.7755575615628914e-17,True,"[{""seconds"": 0.455396999954246, ""limit_seconds"": 180, ""status"": ""integer optimal solution"", ""status_code"": 101, ""nodes"": 0, ""certified"": true, ""incumbent"": 0.16769639214635276, ""bound"": 0.16769639214635276, ""absolute_gap"": 0.0, ""relative_gap"": 0.0, ""solver_relative_gap"": 0.0, ""callback_error"": null, ""name"": ""floor"", ""targets"": {}, ""cut_stats"": {""integer_calls"": 2, ""fractional_calls"": 0, ""feasibility_cuts"": 0, ""optimality_cuts"": 0, ""lp_seconds"": 0.32187110011000186, ""invalid_duals"": 0, ""max_dual_residual"": 0.0, ""max_primal_dual_error"": 0.0, ""max_cut_correction"": 0.0}, ""validation_max"": 7.806255641895632e-18, ""policy_validation"": null, ""interval"": {""name"": ""floor"", ""sense"": ""max"", ""units"": ""service_ratio"", ""scope"": ""unrestricted_maxmin_within_declared_finite_model"", ""targets"": {}, ""achieved"": 0.16769639214635276, ""reported_solver_bound"": 0.16769639214635276, ""lower_bound"": 0.16769639214635276, ""upper_bound"": 0.16769639214635276, ""absolute_gap"": 0.0, ""relative_gap"": 0.0, ""bound_inversion"": 0.0, ""bounds_widened_for_roundoff"": false, ""bound_usable"": true}}, {""seconds"": 76.21715179993771, ""limit_seconds"": 180, ""status"": ""integer optimal, tolerance"", ""status_code"": 102, ""nodes"": 170287, ""certified"": true, ""incumbent"": 0.016496298141736674, ""bound"": 0.01649465350794142, ""absolute_gap"": 1.6446337952544243e-06, ""relative_gap"": 9.969714302710117e-05, ""solver_relative_gap"": 9.969714242274046e-05, ""callback_error"": null, ""name"": ""travel"", ""targets"": {""floor"": 0.16769638214635277}, ""cut_stats"": {""integer_calls"": 22, ""fractional_calls"": 4514, ""feasibility_cuts"": 0, ""optimality_cuts"": 0, ""lp_seconds"": 11.867584299645387, ""invalid_duals"": 0, ""max_dual_residual"": 2.220446049250313e-16, ""max_primal_dual_error"": 3.469446951953614e-17, ""max_cut_correction"": 0.0}, ""validation_max"": 2.7755575615628914e-17, ""policy_validation"": null, ""interval"": {""name"": ""travel"", ""sense"": ""min"", ""units"": ""normalised_person_hours"", ""scope"": ""conditional_on_preserved_targets"", ""targets"": {""floor"": 0.16769638214635277}, ""achieved"": 0.016496298141736674, ""reported_solver_bound"": 0.01649465350794142, ""lower_bound"": 0.01649465350794142, ""upper_bound"": 0.016496298141736674, ""absolute_gap"": 1.6446337952544243e-06, ""relative_gap"": 9.969714302710117e-05, ""bound_inversion"": 0.0, ""bounds_widened_for_roundoff"": false, ""bound_usable"": true}}]"
ablation_Winnipeg_benders_basic,Winnipeg,benders_basic,200.2167585999705,0.13888887889288892,0.16717834297852957,0.20368415607600573,null,36,1532,0,1513,13,180.37831619987264,False,1.4398712474064657e-11,True,"[{""seconds"": 181.866804099991, ""limit_seconds"": 180, ""status"": ""time limit exceeded"", ""status_code"": 107, ""nodes"": 36, ""certified"": false, ""incumbent"": 0.13888888889288892, ""bound"": 0.16717834297852957, ""absolute_gap"": 0.028289454085640653, ""relative_gap"": 0.20368406941074657, ""solver_relative_gap"": 0.20368406926409377, ""callback_error"": null, ""name"": ""floor"", ""targets"": {}, ""cut_stats"": {""integer_calls"": 775, ""fractional_calls"": 0, ""feasibility_cuts"": 771, ""optimality_cuts"": 0, ""lp_seconds"": 174.53427670057863, ""invalid_duals"": 0, ""max_dual_residual"": 1.6486811920702838e-14, ""max_primal_dual_error"": 0.0, ""max_cut_correction"": 1.0630646044435891e-14}, ""validation_max"": 1.4398712474064657e-11, ""policy_validation"": null, ""interval"": {""name"": ""floor"", ""sense"": ""max"", ""units"": ""service_ratio"", ""scope"": ""unrestricted_maxmin_within_declared_finite_model"", ""targets"": {}, ""achieved"": 0.13888888889288892, ""reported_solver_bound"": 0.16717834297852957, ""lower_bound"": 0.13888888889288892, ""upper_bound"": 0.16717834297852957, ""absolute_gap"": 0.028289454085640653, ""relative_gap"": 0.20368406941074657, ""bound_inversion"": 0.0, ""bounds_widened_for_roundoff"": false, ""bound_usable"": true}}, {""seconds"": 18.349954499979503, ""limit_seconds"": 180, ""status"": ""aborted"", ""status_code"": 113, ""nodes"": 0, ""certified"": false, ""incumbent"": 0.03451226048058548, ""bound"": 0.0, ""absolute_gap"": 0.03451226048058548, ""relative_gap"": 1.0, ""solver_relative_gap"": 0.9999999971024789, ""callback_error"": ""RuntimeError('Invalid Farkas ray: residual=1.6653345369377348e-16, violation=3.58223263552393e-10')"", ""name"": ""travel"", ""targets"": {""floor"": 0.13888887889288892}, ""cut_stats"": {""integer_calls"": 757, ""fractional_calls"": 0, ""feasibility_cuts"": 742, ""optimality_cuts"": 13, ""lp_seconds"": 5.844039499294013, ""invalid_duals"": 0, ""max_dual_residual"": 8.638354476175891e-10, ""max_primal_dual_error"": 1.1796119636642288e-16, ""max_cut_correction"": 2.8797182546548547e-12}, ""validation_max"": 4.0005481566351975e-12, ""policy_validation"": null, ""interval"": {""name"": ""travel"", ""sense"": ""min"", ""units"": ""normalised_person_hours"", ""scope"": ""conditional_on_preserved_targets"", ""targets"": {""floor"": 0.13888887889288892}, ""achieved"": 0.03451226048058548, ""reported_solver_bound"": 0.0, ""lower_bound"": null, ""upper_bound"": null, ""absolute_gap"": null, ""relative_gap"": null, ""bound_inversion"": 0.0, ""bounds_widened_for_roundoff"": false, ""bound_usable"": false}}]"
ablation_Winnipeg_benders_bounds,Winnipeg,benders_bounds,184.1049979000818,0.055555545556555536,0.1671783429701706,2.0092107150668346,1.4763929263944874e-10,21,1268,0,1220,37,167.53159779880662,False,1.0000012970468042e-12,True,"[{""seconds"": 181.4113291000249, ""limit_seconds"": 180, ""status"": ""time limit exceeded"", ""status_code"": 107, ""nodes"": 6, ""certified"": false, ""incumbent"": 0.05555555555655554, ""bound"": 0.1671783429701706, ""absolute_gap"": 0.11162278741361506, ""relative_gap"": 2.009210173408906, ""solver_relative_gap"": 2.009210169792327, ""callback_error"": null, ""name"": ""floor"", ""targets"": {}, ""cut_stats"": {""integer_calls"": 1195, ""fractional_calls"": 0, ""feasibility_cuts"": 1193, ""optimality_cuts"": 0, ""lp_seconds"": 167.3238178991014, ""invalid_duals"": 0, ""max_dual_residual"": 9.547918011776346e-15, ""max_primal_dual_error"": 0.0, ""max_cut_correction"": 9.076073226310656e-15}, ""validation_max"": 1.0000012970468042e-12, ""policy_validation"": null, ""interval"": {""name"": ""floor"", ""sense"": ""max"", ""units"": ""service_ratio"", ""scope"": ""unrestricted_maxmin_within_declared_finite_model"", ""targets"": {}, ""achieved"": 0.05555555555655554, ""reported_solver_bound"": 0.1671783429701706, ""lower_bound"": 0.05555555555655554, ""upper_bound"": 0.1671783429701706, ""absolute_gap"": 0.11162278741361506, ""relative_gap"": 2.009210173408906, ""bound_inversion"": 0.0, ""bounds_widened_for_roundoff"": false, ""bound_usable"": true}}, {""seconds"": 2.693668800056912, ""limit_seconds"": 180, ""status"": ""integer optimal solution"", ""status_code"": 101, ""nodes"": 15, ""certified"": true, ""incumbent"": 0.006773267548275081, ""bound"": 0.006773267547275081, ""absolute_gap"": 1.0000004296850662e-12, ""relative_gap"": 1.4763929263944874e-10, ""solver_relative_gap"": 0.0, ""callback_error"": null, ""name"": ""travel"", ""targets"": {""floor"": 0.055555545556555536}, ""cut_stats"": {""integer_calls"": 73, ""fractional_calls"": 0, ""feasibility_cuts"": 27, ""optimality_cuts"": 37, ""lp_seconds"": 0.2077798997052014, ""invalid_duals"": 0, ""max_dual_residual"": 8.326672684688674e-17, ""max_primal_dual_error"": 8.673617379884035e-18, ""max_cut_correction"": 4.934324553889585e-18}, ""validation_max"": 0.0, ""policy_validation"": null, ""interval"": {""name"": ""travel"", ""sense"": ""min"", ""units"": ""normalised_person_hours"", ""scope"": ""conditional_on_preserved_targets"", ""targets"": {""floor"": 0.055555545556555536}, ""achieved"": 0.006773267548275081, ""reported_solver_bound"": 0.006773267547275081, ""lower_bound"": 0.006773267547275081, ""upper_bound"": 0.006773267548275081, ""absolute_gap"": 1.0000004296850662e-12, ""relative_gap"": 1.4763929263944874e-10, ""bound_inversion"": 0.0, ""bounds_widened_for_roundoff"": false, ""bound_usable"": true}}]"
ablation_Winnipeg_benders_fractional,Winnipeg,benders_fractional,182.6430018999381,0.05555554555655554,0.1671783429701706,2.0092107150668346,1.4763929263944866e-10,5,1317,2,1269,40,165.43334540037904,False,9.999986949615902e-13,True,"[{""seconds"": 180.2305231000064, ""limit_seconds"": 180, ""status"": ""time limit exceeded"", ""status_code"": 107, ""nodes"": 0, ""certified"": false, ""incumbent"": 0.055555555556555544, ""bound"": 0.1671783429701706, ""absolute_gap"": 0.11162278741361505, ""relative_gap"": 2.0092101734089054, ""solver_relative_gap"": 2.009210169792327, ""callback_error"": null, ""name"": ""floor"", ""targets"": {}, ""cut_stats"": {""integer_calls"": 1247, ""fractional_calls"": 2, ""feasibility_cuts"": 1247, ""optimality_cuts"": 0, ""lp_seconds"": 165.22393000044394, ""invalid_duals"": 0, ""max_dual_residual"": 1.0907941216942163e-14, ""max_primal_dual_error"": 0.0, ""max_cut_correction"": 2.939651766278931e-15}, ""validation_max"": 9.999986949615902e-13, ""policy_validation"": null, ""interval"": {""name"": ""floor"", ""sense"": ""max"", ""units"": ""service_ratio"", ""scope"": ""unrestricted_maxmin_within_declared_finite_model"", ""targets"": {}, ""achieved"": 0.055555555556555544, ""reported_solver_bound"": 0.1671783429701706, ""lower_bound"": 0.055555555556555544, ""upper_bound"": 0.1671783429701706, ""absolute_gap"": 0.11162278741361505, ""relative_gap"": 2.0092101734089054, ""bound_inversion"": 0.0, ""bounds_widened_for_roundoff"": false, ""bound_usable"": true}}, {""seconds"": 2.412478799931705, ""limit_seconds"": 180, ""status"": ""integer optimal solution"", ""status_code"": 101, ""nodes"": 5, ""certified"": true, ""incumbent"": 0.0067732675482750845, ""bound"": 0.006773267547275084, ""absolute_gap"": 1.0000004296850662e-12, ""relative_gap"": 1.4763929263944866e-10, ""solver_relative_gap"": 0.0, ""callback_error"": null, ""name"": ""travel"", ""targets"": {""floor"": 0.05555554555655554}, ""cut_stats"": {""integer_calls"": 70, ""fractional_calls"": 0, ""feasibility_cuts"": 22, ""optimality_cuts"": 40, ""lp_seconds"": 0.2094153999350965, ""invalid_duals"": 0, ""max_dual_residual"": 1.1102230246251565e-16, ""max_primal_dual_error"": 8.673617379884035e-18, ""max_cut_correction"": 6.167905692361982e-17}, ""validation_max"": 0.0, ""policy_validation"": null, ""interval"": {""name"": ""travel"", ""sense"": ""min"", ""units"": ""normalised_person_hours"", ""scope"": ""conditional_on_preserved_targets"", ""targets"": {""floor"": 0.05555554555655554}, ""achieved"": 0.0067732675482750845, ""reported_solver_bound"": 0.006773267547275084, ""lower_bound"": 0.006773267547275084, ""upper_bound"": 0.0067732675482750845, ""absolute_gap"": 1.0000004296850662e-12, ""relative_gap"": 1.4763929263944866e-10, ""bound_inversion"": 0.0, ""bounds_widened_for_roundoff"": false, ""bound_usable"": true}}]"
ablation_Winnipeg_benders_warm,Winnipeg,benders_warm,188.49520689994097,0.16717833297000995,0.16717834297017056,5.981732464126469e-08,0.1708314103666703,7897,2629,290,2791,125,149.72520730027463,False,2.582692342686469e-11,True,"[{""seconds"": 6.598548999987543, ""limit_seconds"": 180, ""status"": ""integer optimal solution"", ""status_code"": 101, ""nodes"": 0, ""certified"": true, ""incumbent"": 0.16717834297000997, ""bound"": 0.16717834297017056, ""absolute_gap"": 1.605937605120289e-13, ""relative_gap"": 9.606134243167951e-13, ""solver_relative_gap"": 0.0, ""callback_error"": null, ""name"": ""floor"", ""targets"": {}, ""cut_stats"": {""integer_calls"": 42, ""fractional_calls"": 0, ""feasibility_cuts"": 41, ""optimality_cuts"": 0, ""lp_seconds"": 6.0683597000315785, ""invalid_duals"": 0, ""max_dual_residual"": 6.661338147750939e-16, ""max_primal_dual_error"": 0.0, ""max_cut_correction"": 2.5985450372620776e-16}, ""validation_max"": 3.2370226291100757e-12, ""policy_validation"": null, ""interval"": {""name"": ""floor"", ""sense"": ""max"", ""units"": ""service_ratio"", ""scope"": ""unrestricted_maxmin_within_declared_finite_model"", ""targets"": {}, ""achieved"": 0.16717834297000997, ""reported_solver_bound"": 0.16717834297017056, ""lower_bound"": 0.16717834297000997, ""upper_bound"": 0.16717834297017056, ""absolute_gap"": 1.605937605120289e-13, ""relative_gap"": 9.606134243167951e-13, ""bound_inversion"": 0.0, ""bounds_widened_for_roundoff"": false, ""bound_usable"": true}}, {""seconds"": 180.21334100002423, ""limit_seconds"": 180, ""status"": ""time limit exceeded"", ""status_code"": 107, ""nodes"": 7897, ""certified"": false, ""incumbent"": 0.029842846901589757, ""bound"": 0.024744751276034562, ""absolute_gap"": 0.005098095625555195, ""relative_gap"": 0.1708314103666703, ""solver_relative_gap"": 0.17083140971549846, ""callback_error"": null, ""name"": ""travel"", ""targets"": {""floor"": 0.16717833297000997}, ""cut_stats"": {""integer_calls"": 2587, ""fractional_calls"": 290, ""feasibility_cuts"": 2750, ""optimality_cuts"": 125, ""lp_seconds"": 143.65684760024305, ""invalid_duals"": 0, ""max_dual_residual"": 8.638353921064379e-10, ""max_primal_dual_error"": 6.175615574477433e-16, ""max_cut_correction"": 9.598199888079331e-12}, ""validation_max"": 2.582692342686469e-11, ""policy_validation"": null, ""interval"": {""name"": ""travel"", ""sense"": ""min"", ""units"": ""normalised_person_hours"", ""scope"": ""conditional_on_preserved_targets"", ""targets"": {""floor"": 0.16717833297000997}, ""achieved"": 0.029842846901589757, ""reported_solver_bound"": 0.024744751276034562, ""lower_bound"": 0.024744751276034562, ""upper_bound"": 0.029842846901589757, ""absolute_gap"": 0.005098095625555195, ""relative_gap"": 0.1708314103666703, ""bound_inversion"": 0.0, ""bounds_widened_for_roundoff"": false, ""bound_usable"": true}}]"
ablation_Winnipeg_benders_flow,Winnipeg,benders_flow,2.6410562999080867,0.16717833297017057,0.1671783429701706,5.981636402772545e-08,0.0,0,8,0,5,0,0.7344440999440849,True,2.000037288563128e-12,True,"[{""seconds"": 0.6280615999130532, ""limit_seconds"": 180, ""status"": ""integer optimal solution"", ""status_code"": 101, ""nodes"": 0, ""certified"": true, ""incumbent"": 0.1671783429701706, ""bound"": 0.1671783429701706, ""absolute_gap"": 0.0, ""relative_gap"": 0.0, ""solver_relative_gap"": 0.0, ""callback_error"": null, ""name"": ""floor"", ""targets"": {}, ""cut_stats"": {""integer_calls"": 3, ""fractional_calls"": 0, ""feasibility_cuts"": 2, ""optimality_cuts"": 0, ""lp_seconds"": 0.4601434998912737, ""invalid_duals"": 0, ""max_dual_residual"": 1.1102230246251565e-16, ""max_primal_dual_error"": 0.0, ""max_cut_correction"": 1.8503717077085944e-17}, ""validation_max"": 2.000037288563128e-12, ""policy_validation"": null, ""interval"": {""name"": ""floor"", ""sense"": ""max"", ""units"": ""service_ratio"", ""scope"": ""unrestricted_maxmin_within_declared_finite_model"", ""targets"": {}, ""achieved"": 0.1671783429701706, ""reported_solver_bound"": 0.1671783429701706, ""lower_bound"": 0.1671783429701706, ""upper_bound"": 0.1671783429701706, ""absolute_gap"": 0.0, ""relative_gap"": 0.0, ""bound_inversion"": 0.0, ""bounds_widened_for_roundoff"": false, ""bound_usable"": true}}, {""seconds"": 0.43833939998876303, ""limit_seconds"": 180, ""status"": ""integer optimal solution"", ""status_code"": 101, ""nodes"": 0, ""certified"": true, ""incumbent"": 0.028388383166878757, ""bound"": 0.02838838316687876, ""absolute_gap"": 0.0, ""relative_gap"": 0.0, ""solver_relative_gap"": 0.0, ""callback_error"": null, ""name"": ""travel"", ""targets"": {""floor"": 0.1671783329701706}, ""cut_stats"": {""integer_calls"": 5, ""fractional_calls"": 0, ""feasibility_cuts"": 3, ""optimality_cuts"": 0, ""lp_seconds"": 0.2743006000528112, ""invalid_duals"": 0, ""max_dual_residual"": 8.881784197001252e-16, ""max_primal_dual_error"": 4.163336342344337e-17, ""max_cut_correction"": 9.941470085026563e-17}, ""validation_max"": 2.7755575615628914e-17, ""policy_validation"": null, ""interval"": {""name"": ""travel"", ""sense"": ""min"", ""units"": ""normalised_person_hours"", ""scope"": ""conditional_on_preserved_targets"", ""targets"": {""floor"": 0.1671783329701706}, ""achieved"": 0.028388383166878757, ""reported_solver_bound"": 0.02838838316687876, ""lower_bound"": 0.028388383166878757, ""upper_bound"": 0.028388383166878757, ""absolute_gap"": 0.0, ""relative_gap"": 0.0, ""bound_inversion"": 3.469446951953614e-18, ""bounds_widened_for_roundoff"": true, ""bound_usable"": true}}]"
