network,replication,instance_sha256,proposed_z,proposed_upper_z,aggregate_fair_attained_z,attained_difference,difference_upper_vs_returned_benchmark,conditional_floor_difference_lower,conditional_floor_difference_upper,conditional_aggregate_coverage_target,aggregate_fair_floor_lower,aggregate_fair_floor_upper,conditional_difference_roundoff_widened,conditional_difference_scope,travel_absolute_difference_person_minutes,travel_increase_vs_control_incumbent_percent,travel_increase_lower_percent,travel_increase_upper_percent,travel_ratio_unavailable_reason,travel_bounds_roundoff_widened,travel_ratio_scope
ND,1,ae366e6da37ac28a09ea024bccb99f185d15deee4a8393ef55ae38ff2714d7f1,0.25952379952380955,0.2595436507936508,0.2595237995238095,5.551115123125783e-17,1.985126984133112e-05,0.0,1.985126984133112e-05,0.25952379952380955,0.2595237995238095,0.25954958329969485,False,unrestricted_maxmin_minus_floor_at_recorded_aggregate_target,0.0,0.0,0,0.009969610727034173,null,False,returned_proposed_allocation_vs_matched_coverage_travel_optimum
ND,2,7f9cd46c84ef4a3265a24a3a5651ed53f3966ed6447417c6bd63294c8fa68988,0.2595237995238095,0.25954212454212466,0.2595237995238096,-1.1102230246251565e-16,1.8325018315057395e-05,0.0,1.8325018315057395e-05,0.25952379952380955,0.2595237995238096,0.25954969659073496,False,unrestricted_maxmin_minus_floor_at_recorded_aggregate_target,-1.1191048088221578e-10,-3.3306690738754696e-14,0,0.009903236015351702,null,False,returned_proposed_allocation_vs_matched_coverage_travel_optimum
ND,3,2741a44a4098ce831ce94505b3178340235a4afe57597d0785d430d36c10a6e2,0.2595237995238096,0.2595457697642163,0.2595237995238095,1.1102230246251565e-16,2.1970240406787855e-05,0.0,2.1970240406787855e-05,0.25952379952380955,0.2595237995238095,0.25954929101902163,False,unrestricted_maxmin_minus_floor_at_recorded_aggregate_target,5.595524044110789e-11,2.220446049250313e-14,2.220446049250313e-14,0.00998434826360306,null,False,returned_proposed_allocation_vs_matched_coverage_travel_optimum
SF,1,2fef069292fad72b0fdfcc88713d5c2424617f51ec6ed9021c215d7bb61679ad,0.21705324347413782,0.2170532534741379,0.2170532434741379,-8.326672684688674e-17,9.999999994736442e-09,0.0,9.999999994736442e-09,0.2170532434741379,0.2170532434741379,0.21705325347413792,False,unrestricted_maxmin_minus_floor_at_recorded_aggregate_target,-2.9832659758570426e-11,-2.220446049250313e-14,0,0,null,True,returned_proposed_allocation_vs_matched_coverage_travel_optimum
SF,2,eff46004dffdea9a92ad0c2232702e92e5efa55652e645ad59927b51162e5e5d,0.2170532434741379,0.2170532534741379,0.21705324347413787,2.7755575615628914e-17,1.0000000022492017e-08,0.0,1.0000000022492017e-08,0.21705324347413793,0.21705324347413787,0.2170532534741379,False,unrestricted_maxmin_minus_floor_at_recorded_aggregate_target,-2.9832659758570426e-11,-2.220446049250313e-14,0,5.29813681815483e-07,null,False,returned_proposed_allocation_vs_matched_coverage_travel_optimum
SF,3,932a40b0295b977b2f7d43a19023bdbcd90a84c500b192c4729627f861c8dab7,0.2170532434741379,0.21705325347413792,0.21705324347413787,2.7755575615628914e-17,1.0000000050247593e-08,0.0,1.0000000050247593e-08,0.21705324347413793,0.21705324347413787,0.21705325347413798,False,unrestricted_maxmin_minus_floor_at_recorded_aggregate_target,-2.9832659758570426e-11,-2.220446049250313e-14,0,0,null,True,returned_proposed_allocation_vs_matched_coverage_travel_optimum
Anaheim,1,646deb9089d4b3c002fae18ea053b245e371316201671688571961163d27c665,0.2053003369554134,0.2062933939659505,0.2053003369554134,0.0,0.0009930570105371184,0.0,0.0009930570105371184,0.20530033695541344,0.2053003369554134,0.22713178294573677,False,unrestricted_maxmin_minus_floor_at_recorded_aggregate_target,null,null,null,null,controlled_time_limit_without_incumbent,False,unavailable_no_controlled_incumbent
Anaheim,2,0b67ab3c6bd3d33e76755b6b74c74819128726111ba79dadf75a72f2f7ffa033,0.20310076519379835,0.20413488931777526,0.20310076519379847,-1.1102230246251565e-16,0.0010341241239767984,0.0,0.0010341241239767984,0.20310076519379852,0.20310076519379847,0.226822071101254,False,unrestricted_maxmin_minus_floor_at_recorded_aggregate_target,null,null,null,null,controlled_time_limit_without_incumbent,False,unavailable_no_controlled_incumbent
Anaheim,3,29e28617efb4bcf2fd284ebca2dc8df519778c0c58fec7ff4b9827c8eddf4951,0.19803841076757187,0.2002426681086138,0.19803841076757187,0.0,0.002204257341041932,0.0,0.002204257341041932,0.19803841076757192,0.19803841076757187,0.22457095667956492,False,unrestricted_maxmin_minus_floor_at_recorded_aggregate_target,null,null,null,null,controlled_time_limit_without_incumbent,False,unavailable_no_controlled_incumbent
Winnipeg,1,6edd28182ec45acda7e4f5ba2701e619248c8d03f43e3425cc739f3f333948b1,0.23611110111111105,0.23611111111111108,0.23611110111111108,-2.7755575615628914e-17,9.999999994736442e-09,0.0,9.999999994736442e-09,0.23611110111111114,0.23611110111111108,0.2361111111111111,False,unrestricted_maxmin_minus_floor_at_recorded_aggregate_target,1.199040866595169e-10,2.220446049250313e-14,2.220446049250313e-14,0.009999803231353077,null,False,returned_proposed_allocation_vs_matched_coverage_travel_optimum
Winnipeg,2,1cb2d2f341bdf07f8d575d8f824000f63341c833eaab37ac1158c4ae38794534,0.23611110111111092,0.23611111111111108,0.23611110111111105,-1.3877787807814457e-16,1.0000000022492017e-08,0.0,1.0000000022492017e-08,0.23611110111111117,0.23611110111111105,0.23611111111111116,False,unrestricted_maxmin_minus_floor_at_recorded_aggregate_target,0.0,0.0,0,0.009958867568959917,null,False,returned_proposed_allocation_vs_matched_coverage_travel_optimum
Winnipeg,3,9a6f431a2bd48bdfedf5ed64a49873b62120171f6cfc157a4c669cac6217d829,0.23611110111111105,0.23611111111111116,0.23611110111111114,-8.326672684688674e-17,1.0000000022492017e-08,0.0,1.0000000022492017e-08,0.2361111011111111,0.23611110111111114,0.2361162551431709,False,unrestricted_maxmin_minus_floor_at_recorded_aggregate_target,4.1966430330830917e-10,8.881784197001252e-14,8.881784197001252e-14,0.009975105112736138,null,False,returned_proposed_allocation_vs_matched_coverage_travel_optimum
