network,policy,certified,n,returned_allocations,z,coverage,travel_person_minutes,largest_objective_gap_percent,mean_group_service
ND,proposed,3,3,3,"{""n"": 3, ""mean"": 0.25952379952380955, ""minimum"": 0.2595237995238095, ""maximum"": 0.2595237995238096, ""median"": 0.25952379952380955}","{""n"": 3, ""mean"": 0.25952379952380955, ""minimum"": 0.25952379952380955, ""maximum"": 0.25952379952380955, ""median"": 0.25952379952380955}","{""n"": 3, ""mean"": 301919.98152, ""minimum"": 301919.9815199999, ""maximum"": 301919.9815200001, ""median"": 301919.98152}",0.008465597547118682,"[0.25952379952380955, 0.25952379952380955, 0.25952379952380955]"
ND,aggregate,3,3,3,"{""n"": 3, ""mean"": 0.05734018880284696, ""minimum"": 0.0, ""maximum"": 0.09790827744846206, ""median"": 0.07411228896007882}","{""n"": 3, ""mean"": 0.25952379952380955, ""minimum"": 0.25952379952380955, ""maximum"": 0.25952379952380955, ""median"": 0.25952379952380955}","{""n"": 3, ""mean"": 301919.98152, ""minimum"": 301919.9815199999, ""maximum"": 301919.98152, ""median"": 301919.98152}",0.009997627946111268,"[0.29641664773262494, 0.2902296580015856, 0.05734018880284696]"
ND,aggregate_fair,2,3,3,"{""n"": 3, ""mean"": 0.25952379952380955, ""minimum"": 0.2595237995238095, ""maximum"": 0.2595237995238096, ""median"": 0.2595237995238095}","{""n"": 3, ""mean"": 0.25952379952380955, ""minimum"": 0.25952379952380955, ""maximum"": 0.2595237995238096, ""median"": 0.25952379952380955}","{""n"": 3, ""mean"": 301919.98152000003, ""minimum"": 301919.98152, ""maximum"": 301919.9815200001, ""median"": 301919.98152000003}",3.789085695622357,"[0.2595237995238096, 0.2595237995238096, 0.25952379952380955]"
ND,controlled,3,3,3,"{""n"": 3, ""mean"": 0.1310371151282113, ""minimum"": 0.07224551019466591, ""maximum"": 0.1711080744688215, ""median"": 0.14975776072114652}","{""n"": 3, ""mean"": 0.25952379952380955, ""minimum"": 0.25952379952380955, ""maximum"": 0.2595237995238096, ""median"": 0.25952379952380955}","{""n"": 3, ""mean"": 301919.98152000003, ""minimum"": 301919.9815199999, ""maximum"": 301919.9815200001, ""median"": 301919.98152000003}",0.009983351490999968,"[0.29115248923239556, 0.25031278359542725, 0.1449957183415415]"
ND,proportional,0,3,3,"{""n"": 3, ""mean"": 0.22059310567028267, ""minimum"": 0.21554260638096007, ""maximum"": 0.2263406430688798, ""median"": 0.21989606756100813}","{""n"": 3, ""mean"": 0.22059310567028267, ""minimum"": 0.2155426063809601, ""maximum"": 0.22634064306887983, ""median"": 0.21989606756100813}","{""n"": 3, ""mean"": 277704.11017617956, ""minimum"": 267512.1509133041, ""maximum"": 288928.9651647341, ""median"": 276671.2144505005}",10.170449722835926,"[0.2205931056702827, 0.22059310567028267, 0.2205931056702827]"
ND,weighted,1,3,3,"{""n"": 3, ""mean"": 0.17429253427525015, ""minimum"": 0.16560829707692262, ""maximum"": 0.17988494359944365, ""median"": 0.17738436214938422}","{""n"": 3, ""mean"": 0.25952379952380955, ""minimum"": 0.2595237995238095, ""maximum"": 0.25952379952380955, ""median"": 0.25952379952380955}","{""n"": 3, ""mean"": 303839.98152, ""minimum"": 303839.98152, ""maximum"": 303839.98152000003, ""median"": 303839.98152}",1.8840896594207224,"[0.17429253427525015, 0.43843729706189855, 0.3084904190240667]"
ND,coverage,3,3,3,"{""n"": 3, ""mean"": 0.2595237995238095, ""minimum"": 0.25952379952380944, ""maximum"": 0.2595237995238095, ""median"": 0.2595237995238095}","{""n"": 3, ""mean"": 0.2595237995238095, ""minimum"": 0.25952379952380944, ""maximum"": 0.25952379952380955, ""median"": 0.2595237995238095}","{""n"": 3, ""mean"": 301919.9815199999, ""minimum"": 301919.9815199999, ""maximum"": 301919.98152, ""median"": 301919.9815199999}",0.009990438666430039,"[0.2595237995238095, 0.25952379952380955, 0.2595237995238096]"
ND,leximin,3,3,3,"{""n"": 3, ""mean"": 0.2595237995238095, ""minimum"": 0.25952379952380944, ""maximum"": 0.25952379952380955, ""median"": 0.2595237995238095}","{""n"": 3, ""mean"": 0.2595238080462712, ""minimum"": 0.2595238080280287, ""maximum"": 0.25952380807053615, ""median"": 0.25952380804024866}","{""n"": 3, ""mean"": 301919.997269509, ""minimum"": 301919.997235797, ""maximum"": 301919.99731435074, ""median"": 301919.99725837936}",0.009973641227082223,"[0.2595237995238095, 0.25952381480984227, 0.25952383157885184]"
SF,proposed,3,3,3,"{""n"": 3, ""mean"": 0.21705324347413787, ""minimum"": 0.21705324347413782, ""maximum"": 0.2170532434741379, ""median"": 0.2170532434741379}","{""n"": 3, ""mean"": 0.21705324347413787, ""minimum"": 0.21705324347413785, ""maximum"": 0.2170532434741379, ""median"": 0.2170532434741379}","{""n"": 3, ""mean"": 150188.89344960917, ""minimum"": 150188.8934496091, ""maximum"": 150188.8934496092, ""median"": 150188.89344960917}",4.607164545410113e-06,"[0.21705324347413787, 0.21705324347413787, 0.2170532434741379]"
SF,aggregate,3,3,3,"{""n"": 3, ""mean"": 0.16815654187505868, ""minimum"": 0.12403468810706007, ""maximum"": 0.19066748841100228, ""median"": 0.18976744910711368}","{""n"": 3, ""mean"": 0.21705324347413793, ""minimum"": 0.2170532434741379, ""maximum"": 0.21705324347413796, ""median"": 0.2170532434741379}","{""n"": 3, ""mean"": 150188.8934496092, ""minimum"": 150188.8934496092, ""maximum"": 150188.89344960923, ""median"": 150188.8934496092}",0.0065640071921434125,"[0.16815654187505868, 0.3345835276656061, 0.2326213309789634]"
SF,aggregate_fair,3,3,3,"{""n"": 3, ""mean"": 0.21705324347413787, ""minimum"": 0.21705324347413787, ""maximum"": 0.2170532434741379, ""median"": 0.21705324347413787}","{""n"": 3, ""mean"": 0.21705324347413793, ""minimum"": 0.21705324347413793, ""maximum"": 0.21705324347413796, ""median"": 0.21705324347413793}","{""n"": 3, ""mean"": 150188.89344960923, ""minimum"": 150188.8934496092, ""maximum"": 150188.89344960926, ""median"": 150188.89344960923}",0.006564007192117835,"[0.21705324347413799, 0.2170532434741379, 0.2170532434741379]"
SF,controlled,3,3,3,"{""n"": 3, ""mean"": 0.13777181843782743, ""minimum"": 0.12208922856823658, ""maximum"": 0.148479627519265, ""median"": 0.14274659922598074}","{""n"": 3, ""mean"": 0.2170532434741379, ""minimum"": 0.21705324347413787, ""maximum"": 0.2170532434741379, ""median"": 0.2170532434741379}","{""n"": 3, ""mean"": 150188.8934496092, ""minimum"": 150188.89344960917, ""maximum"": 150188.89344960923, ""median"": 150188.8934496092}",5.298137063141278e-07,"[0.15272529421071357, 0.3783101278941563, 0.2299355111704476]"
SF,proportional,1,3,3,"{""n"": 3, ""mean"": 0.13584827693514442, ""minimum"": 0.13429435992085814, ""maximum"": 0.1368872616842316, ""median"": 0.13636320920034353}","{""n"": 3, ""mean"": 0.13584827693514445, ""minimum"": 0.13429435992085817, ""maximum"": 0.1368872616842316, ""median"": 0.1363632092003436}","{""n"": 3, ""mean"": 123411.47523381286, ""minimum"": 113927.61221184344, ""maximum"": 142032.60658710642, ""median"": 114274.20690248873}",15.53102502812395,"[0.13584827693514445, 0.13584827693514442, 0.13584827693514445]"
SF,weighted,3,3,3,"{""n"": 3, ""mean"": 0.09810104786873068, ""minimum"": 0.08413329313026188, ""maximum"": 0.10575532207712074, ""median"": 0.10441452839880941}","{""n"": 3, ""mean"": 0.21705324347413787, ""minimum"": 0.21705324347413782, ""maximum"": 0.21705324347413793, ""median"": 0.21705324347413787}","{""n"": 3, ""mean"": 150188.89344960917, ""minimum"": 150188.89344960914, ""maximum"": 150188.8934496092, ""median"": 150188.89344960914}",0.008849984201720576,"[0.09810104786873068, 0.47110446118221505, 0.3248610166314811]"
SF,coverage,3,3,3,"{""n"": 3, ""mean"": 0.21705324347413787, ""minimum"": 0.21705324347413785, ""maximum"": 0.2170532434741379, ""median"": 0.21705324347413787}","{""n"": 3, ""mean"": 0.21705324347413793, ""minimum"": 0.2170532434741379, ""maximum"": 0.21705324347413796, ""median"": 0.21705324347413796}","{""n"": 3, ""mean"": 150188.89344960926, ""minimum"": 150188.89344960923, ""maximum"": 150188.89344960926, ""median"": 150188.89344960926}",4.607164545410112e-06,"[0.217053243474138, 0.2170532434741379, 0.2170532434741379]"
SF,leximin,3,3,3,"{""n"": 3, ""mean"": 0.21705324347413787, ""minimum"": 0.21705324347413787, ""maximum"": 0.2170532434741379, ""median"": 0.21705324347413787}","{""n"": 3, ""mean"": 0.21705325210914217, ""minimum"": 0.2170532520321428, ""maximum"": 0.21705325215514978, ""median"": 0.21705325214013393}","{""n"": 3, ""mean"": 150188.90087457193, ""minimum"": 150188.90080836264, ""maximum"": 150188.9009141324, ""median"": 150188.90090122077}",4.607164545410112e-06,"[0.2170532434741379, 0.21705326030656535, 0.21705327764411028]"
Anaheim,proposed,0,3,3,"{""n"": 3, ""mean"": 0.20214650430559453, ""minimum"": 0.19803841076757187, ""maximum"": 0.2053003369554134, ""median"": 0.20310076519379835}","{""n"": 3, ""mean"": 0.2021465043055946, ""minimum"": 0.19803841076757192, ""maximum"": 0.20530033695541341, ""median"": 0.20310076519379847}","{""n"": 3, ""mean"": 279274.1878037086, ""minimum"": 274955.062599623, ""maximum"": 281508.26716687327, ""median"": 281359.23364462954}",1.5582997989723462,"[0.20214650430559455, 0.20214650430559455, 0.20214650430559455]"
Anaheim,aggregate,0,3,3,"{""n"": 3, ""mean"": 0.1433588802731719, ""minimum"": 0.12572671160881466, ""maximum"": 0.16932588409358104, ""median"": 0.13502404511712002}","{""n"": 3, ""mean"": 0.2021465043055946, ""minimum"": 0.19803841076757192, ""maximum"": 0.20530033695541341, ""median"": 0.20310076519379852}","{""n"": 3, ""mean"": 279632.33916459756, ""minimum"": 276029.5166822896, ""maximum"": 281508.26716687356, ""median"": 281359.23364462954}",13.397676647250552,"[0.19371880542091593, 0.2496743727638974, 0.16106121962146203]"
Anaheim,aggregate_fair,0,3,3,"{""n"": 3, ""mean"": 0.20214650430559458, ""minimum"": 0.19803841076757187, ""maximum"": 0.2053003369554134, ""median"": 0.20310076519379847}","{""n"": 3, ""mean"": 0.20214650430559464, ""minimum"": 0.19803841076757192, ""maximum"": 0.20530033695541344, ""median"": 0.20310076519379852}","{""n"": 3, ""mean"": 279274.18780370866, ""minimum"": 274955.062599623, ""maximum"": 281508.26716687344, ""median"": 281359.2336446295}",13.397676647250552,"[0.20214650430559458, 0.20214650430559458, 0.20214650430559467]"
Anaheim,controlled,0,3,0,null,null,null,null,null
Anaheim,proportional,0,3,3,"{""n"": 3, ""mean"": 0.10501146885234727, ""minimum"": 0.10336462768513519, ""maximum"": 0.10735917761783728, ""median"": 0.10431060125406934}","{""n"": 3, ""mean"": 0.10501146885234729, ""minimum"": 0.10336462768513521, ""maximum"": 0.10735917761783728, ""median"": 0.10431060125406935}","{""n"": 3, ""mean"": 220539.65788381346, ""minimum"": 217574.81299987808, ""maximum"": 224305.07510240044, ""median"": 219739.0855491619}",10.575670033073289,"[0.10501146885234729, 0.10501146885234729, 0.10501146885234729]"
Anaheim,weighted,0,3,3,"{""n"": 3, ""mean"": 0.14700111005444164, ""minimum"": 0.1379965612849959, ""maximum"": 0.15341178499198135, ""median"": 0.14959498388634768}","{""n"": 3, ""mean"": 0.19844960740310086, ""minimum"": 0.19224805701550393, ""maximum"": 0.2031007701937985, ""median"": 0.19999999500000012}","{""n"": 3, ""mean"": 291643.79674174625, ""minimum"": 287107.978764953, ""maximum"": 294593.40047106595, ""median"": 293230.0109892199}",14.602817207599935,"[0.14700111005444164, 0.23404770265995045, 0.4130221827678811]"
Anaheim,coverage,0,3,3,"{""n"": 3, ""mean"": 0.20214650430559458, ""minimum"": 0.1980384107675719, ""maximum"": 0.20530033695541341, ""median"": 0.20310076519379847}","{""n"": 3, ""mean"": 0.20214650430559467, ""minimum"": 0.19803841076757198, ""maximum"": 0.20530033695541347, ""median"": 0.20310076519379855}","{""n"": 3, ""mean"": 281411.76927713095, ""minimum"": 276029.5166822897, ""maximum"": 286846.55750447366, ""median"": 281359.23364462954}",13.688831929975848,"[0.20214650430559464, 0.20214650430559458, 0.20214650430559464]"
Anaheim,leximin,0,3,3,"{""n"": 3, ""mean"": 0.2021465043055946, ""minimum"": 0.1980384107675719, ""maximum"": 0.20530033695541344, ""median"": 0.20310076519379847}","{""n"": 3, ""mean"": 0.2021465130948149, ""minimum"": 0.1980384195577298, ""maximum"": 0.20530034576278197, ""median"": 0.20310077396393295}","{""n"": 3, ""mean"": 287870.71315148746, ""minimum"": 274955.0930560944, ""maximum"": 294819.49152307207, ""median"": 293837.5548752959}",36.60321580129648,"[0.20214650430559458, 0.20214652353434417, 0.20214654179478786]"
Winnipeg,proposed,3,3,3,"{""n"": 3, ""mean"": 0.236111101111111, ""minimum"": 0.23611110111111092, ""maximum"": 0.23611110111111105, ""median"": 0.23611110111111105}","{""n"": 3, ""mean"": 0.236111101111111, ""minimum"": 0.23611110111111092, ""maximum"": 0.23611110111111105, ""median"": 0.23611110111111103}","{""n"": 3, ""mean"": 477427.8299897021, ""minimum"": 477427.82998970157, ""maximum"": 477427.82998970244, ""median"": 477427.8299897022}",0.009397995666868858,"[0.236111101111111, 0.23611110111111103, 0.23611110111111103]"
Winnipeg,aggregate,3,3,3,"{""n"": 3, ""mean"": 0.12366842408628627, ""minimum"": 0.06965755931506636, ""maximum"": 0.15381582319552578, ""median"": 0.14753188974826667}","{""n"": 3, ""mean"": 0.23611110111111117, ""minimum"": 0.2361111011111111, ""maximum"": 0.23611110111111122, ""median"": 0.23611110111111117}","{""n"": 3, ""mean"": 477427.82998970256, ""minimum"": 477427.82998970227, ""maximum"": 477427.8299897029, ""median"": 477427.82998970256}",0.009961942358788086,"[0.23955849381007974, 0.2873533052497186, 0.12366842408628627]"
Winnipeg,aggregate_fair,3,3,3,"{""n"": 3, ""mean"": 0.23611110111111108, ""minimum"": 0.23611110111111105, ""maximum"": 0.23611110111111114, ""median"": 0.23611110111111108}","{""n"": 3, ""mean"": 0.23611110111111117, ""minimum"": 0.2361111011111111, ""maximum"": 0.2361111011111112, ""median"": 0.23611110111111117}","{""n"": 3, ""mean"": 477427.8299897026, ""minimum"": 477427.8299897025, ""maximum"": 477427.8299897027, ""median"": 477427.8299897026}",0.009988943364875956,"[0.23611110111111114, 0.2361111011111112, 0.2361111011111111]"
Winnipeg,controlled,3,3,3,"{""n"": 3, ""mean"": 0.14483999301007425, ""minimum"": 0.1057037901415693, ""maximum"": 0.20659746896247252, ""median"": 0.12221871992618094}","{""n"": 3, ""mean"": 0.236111101111111, ""minimum"": 0.23611110111111092, ""maximum"": 0.23611110111111105, ""median"": 0.23611110111111103}","{""n"": 3, ""mean"": 477427.8299897019, ""minimum"": 477427.82998970157, ""maximum"": 477427.8299897021, ""median"": 477427.82998970203}",0.009998803370655222,"[0.2583543310781137, 0.2193786485432155, 0.14581398449528024]"
Winnipeg,proportional,0,3,3,"{""n"": 3, ""mean"": 0.17894209716569032, ""minimum"": 0.17629264338703604, ""maximum"": 0.18303457433971612, ""median"": 0.17749907377031876}","{""n"": 3, ""mean"": 0.17894209716569034, ""minimum"": 0.17629264338703604, ""maximum"": 0.18303457433971618, ""median"": 0.1774990737703188}","{""n"": 3, ""mean"": 407727.05790211784, ""minimum"": 404254.7563466201, ""maximum"": 410459.14581439807, ""median"": 408467.27154533536}",0.3689797051508403,"[0.17894209716569034, 0.17894209716569032, 0.17894209716569032]"
Winnipeg,weighted,1,3,3,"{""n"": 3, ""mean"": 0.13075772488800286, ""minimum"": 0.13032631632802893, ""maximum"": 0.13112192438522166, ""median"": 0.130824933950758}","{""n"": 3, ""mean"": 0.23611110111111117, ""minimum"": 0.2361111011111111, ""maximum"": 0.23611110111111125, ""median"": 0.2361111011111111}","{""n"": 3, ""mean"": 482484.1583785614, ""minimum"": 479692.7678123969, ""maximum"": 484836.1802760484, ""median"": 482923.52704723884}",1.693975337607436,"[0.13075772488800286, 0.45306779582917117, 0.41419892952758675]"
Winnipeg,coverage,1,3,3,"{""n"": 3, ""mean"": 0.23611110111111108, ""minimum"": 0.23611110111111105, ""maximum"": 0.23611110111111114, ""median"": 0.23611110111111108}","{""n"": 3, ""mean"": 0.2361111011111112, ""minimum"": 0.23611110111111117, ""maximum"": 0.2361111011111112, ""median"": 0.2361111011111112}","{""n"": 3, ""mean"": 477427.82998970273, ""minimum"": 477427.8299897026, ""maximum"": 477427.82998970285, ""median"": 477427.82998970273}",1.2337662281320712,"[0.23611110111111114, 0.2361111011111111, 0.23611110111111122]"
Winnipeg,leximin,2,3,3,"{""n"": 3, ""mean"": 0.2361111011111111, ""minimum"": 0.23611110111111105, ""maximum"": 0.23611110111111117, ""median"": 0.23611110111111114}","{""n"": 3, ""mean"": 0.2361111099039049, ""minimum"": 0.2361111098947383, ""maximum"": 0.23611110991478396, ""median"": 0.2361111099021925}","{""n"": 3, ""mean"": 477427.87111047877, ""minimum"": 477427.87106760964, ""maximum"": 477427.8711613561, ""median"": 477427.8711024705}",0.7697907238784449,"[0.2361111011111111, 0.2361111203994155, 0.2361111386833942]"
